node,x,y,hits,n_conf_labelled,brand_share_conf1,umatrix,proto_log_fav_number,proto_log_tweet_count,proto_log_account_age_days,proto_link_color_r,proto_link_color_g,proto_link_color_b,proto_sidebar_is_default,proto_has_description,proto_tweet_has_url,proto_tweet_has_hashtag,z_log_fav_number,z_log_tweet_count,z_log_account_age_days,z_link_color_r,z_link_color_g,z_link_color_b,z_sidebar_is_default,z_has_description,z_tweet_has_url,z_tweet_has_hashtag,hier_cluster
0,0,0,81,69,0.057971014492753624,0.11155648235569786,6.791291878875578,9.133376548272725,7.200245521912625,221.1944479670733,18.526185654646824,28.325521749330036,0.060439048095903836,0.7787301034699875,1.1722165164540499e-05,5.282829729225114e-12,0.2390770612440012,0.05093418176115832,0.27108019962855734,0.9401036333593905,-0.9793028501289514,-0.9637653835173445,-0.39585372586396755,-0.051227715156096164,-0.4273707372771562,-0.28224912794588997,1
1,0,1,47,32,0.15625,0.2131394410212339,6.601353679931387,8.810852316374648,7.1185136479650994,218.65375405919093,27.35951828846811,38.91320941675434,0.04805339472880271,0.8591399723030018,6.485153016710932e-06,1.422750806057138e-13,0.20634511621456694,-0.036834557146559886,0.23445824322632547,0.9254521908509891,-0.8931483943016378,-0.8814805285338453,-0.40829061357865537,0.06791171388451313,-0.42737706003710557,-0.28224912795341184,1
2,0,2,154,101,0.09900990099009901,0.24936797271510527,6.638577769400406,8.63049580671909,7.011765078319876,215.95618374836215,44.56263699160189,54.67338420086671,0.03382926911745043,0.944140942228253,4.819918821230562e-06,5.986877660291157e-14,0.21275992301511298,-0.0859150969655597,0.18662694712686378,0.9098960877726685,-0.725360607761553,-0.7589964000479537,-0.4225735785401887,0.1938535562449692,-0.42737907051097507,-0.2822491279535324,1
3,0,3,51,33,0.18181818181818182,0.2657190656261503,7.061131011469751,8.881365012046228,6.981112644208381,215.9630721425313,68.02343583113577,64.49114856590684,0.029537600101709416,0.9861840532557268,4.9874509185365845e-06,1.0327849686575519e-13,0.2855782900855882,-0.017645889245060754,0.17289237759559165,0.9099358111375457,-0.4965395680607394,-0.682695196006484,-0.4268830004233451,0.2561468084986977,-0.4273788682457893,-0.2822491279534689,1
4,0,4,89,61,0.08196721311475409,0.3186787858003759,7.595762078272005,9.343017533814297,7.01639287224935,216.4181605503844,98.68397050636564,71.88302945161173,0.034214837479806526,0.995378938419296,7.329667440381105e-06,2.036981694431006e-13,0.37771096685557787,0.10798392594958782,0.18870054288991334,0.9125601735698775,-0.19749709000382723,-0.6252473503728305,-0.422186415240294,0.2697704268975358,-0.42737604043626753,-0.28224912795332197,1
5,0,5,99,67,0.07462686567164178,0.365697161017514,8.084258534997655,9.789726263778197,7.054137619277068,216.99388445824985,137.24157837231616,94.7283093355357,0.041835873539624535,0.9926373952720041,9.527083458860108e-06,1.3047896096907152e-13,0.46189329172491883,0.22954707690188575,0.2056129959305694,0.9158802058298176,0.17856819151573203,-0.44769956077474116,-0.41453385409262744,0.2657084144853921,-0.4273733874475783,-0.2822491279534291,1
6,0,6,44,28,0.03571428571428571,0.30856402088541557,8.471859009518145,10.100213046787719,7.08058895351246,216.6486690233034,168.4331966702582,135.38381850633823,0.04810125372295038,0.9885061549019052,8.117208736557746e-06,1.532107773982716e-14,0.5286882676481933,0.3140400566444799,0.21746516035997357,0.9138894488628175,0.4827905062673906,-0.1317351328956893,-0.4082425566115572,0.2595873546445257,-0.42737508962033943,-0.2822491279535976,2
7,0,7,112,84,0.023809523809523808,0.2260419802302379,8.662265505483663,10.239151971470827,7.107430684402177,207.45389572214805,181.36528142051807,168.98034619285795,0.047365621170047334,0.9900537917719067,6.964371238094014e-06,1.6930901125533637e-15,0.5615009140449395,0.35184960085412087,0.2294922515170264,0.8608658666116414,0.6089214661845376,0.12936866006375278,-0.4089812321733992,0.2618804136400213,-0.4273764814664069,-0.2822491279536175,2
8,0,8,79,47,0.0,0.23639877079141747,8.680661726251904,10.260012155316494,7.1270034975932415,180.31455933419085,186.32722967127046,192.45673490148454,0.03637217632309303,0.9945650593974245,8.719010446800457e-06,1.0824674490095276e-15,0.5646711246201818,0.35752629689256243,0.2382623270913662,0.7043612103164857,0.6573170116834203,0.31182126927408305,-0.4200201523746016,0.26856454155807247,-0.4273743630518986,-0.28224912795361845,2
9,0,9,53,35,0.0,0.2688233013778198,8.626477456413596,10.23467146509479,7.17014996874707,127.73592509046404,186.98318365235025,211.0789228685982,0.019746878472597984,0.998106228880053,1.0352239030231303e-05,7.771561172376096e-16,0.5553335792940379,0.3506303176021975,0.25759515416590645,0.4011555252860071,0.6637147508641354,0.45654824691850243,-0.436714222236032,0.2738113217906397,-0.4273723912191084,-0.2822491279536189,2
10,0,10,102,81,0.037037037037037035,0.2512454983222099,8.644926785799834,10.273952127580552,7.247339967165252,72.77762223481676,178.29668194252233,215.8908897502119,0.007112476847839444,0.9996476209566616,7.102204677089663e-06,6.661338147750939e-16,0.5585129420481184,0.36131979103972994,0.292182012636495,0.08422698377587463,0.578992386284788,0.4939456475102512,-0.449400887177485,0.27609512817659754,-0.4273763150570645,-0.28224912795361906,2
11,0,11,89,62,0.04838709677419355,0.21744046120394664,8.790334170145288,10.416481438339705,7.310000989500789,38.920976689833765,162.2787748314009,204.15408724421107,0.0017163370756170804,0.9999658351899012,2.8633167150626804e-06,6.661338147750939e-16,0.5835709163667421,0.4001063894577686,0.32025880957332575,-0.11101443991183667,0.4227643659148441,0.40273016000133477,-0.45481934855782297,0.27656661087655693,-0.4273814327597315,-0.28224912795361906,2
12,0,12,138,86,0.03488372093023256,0.18714496492834715,8.836592729861044,10.565814434190843,7.343821675779887,19.23844187710575,149.25677239550973,185.33464044625083,0.00047050558580202795,0.9999982265940949,8.346493104438579e-07,8.604228440844963e-16,0.5915426284403195,0.44074447933409105,0.3354129916394543,-0.224517891206627,0.29575640865185315,0.2564701361621012,-0.4560703335394799,0.2766146036597496,-0.42738388201450783,-0.28224912795361873,2
13,0,13,128,99,0.030303030303030304,0.18618110835446008,8.623354903156653,10.568582311079428,7.336066006888003,11.83556075302296,144.53201025059926,162.45783249988645,0.002094860031080392,0.9999999465504597,2.483100752237455e-07,1.1657341758564144e-15,0.5547954714140754,0.44149770355706847,0.3319378753315731,-0.2672081526543086,0.24967421879412105,0.0786773183645303,-0.4544392598087681,0.2766171520362394,-0.4273845899147625,-0.2822491279536183,2
14,0,14,17,11,0.09090909090909091,0.2174641427410122,8.245590820755272,10.353404195363966,7.269294199832277,16.529181917724458,145.87147426039357,128.44421177188053,0.01608243664141712,0.9999999986705363,9.244155552146083e-08,5.384581669432009e-15,0.4896955955176537,0.38294113636290694,0.3020191411977764,-0.24014140508684653,0.2627384605302752,-0.18566801717827625,-0.440393822354057,0.27661722926004606,-0.4273847780982545,-0.2822491279536121,2
15,0,15,263,191,0.05235602094240838,0.28840382371400064,7.920592372371882,10.119447128758344,7.196175224052566,23.98037759011921,148.02174937225962,100.38666047614845,0.08771924152518495,0.9999999996786013,1.1688866530246145e-07,1.0388911952929902e-13,0.43368879221916484,0.31927424047207775,0.26925640355518127,-0.19717252769699417,0.28371081488637895,-0.403724273849385,-0.3684606855084113,0.27661723075364747,-0.4273847485827212,-0.282249127953468,2
16,0,16,8,6,0.16666666666666666,0.35125788342130393,7.7943591836388375,10.10992761808539,7.179432003079658,22.818907053519105,145.574546999712,108.58262827750606,0.34161254102986566,0.9999999998317257,1.3091798652387077e-06,1.4537537840197956e-12,0.411935096451447,0.3166836895486121,0.2617541956785275,-0.20387039033184512,0.2598424293691291,-0.34002726623372637,-0.11351713397655089,0.27661723098052443,-0.4273833091033321,-0.2822491279514928,2
17,0,17,9,7,0.0,0.28944789966100926,8.137648991312215,10.275491987899981,7.177610238704711,12.326583702348366,138.52619622512657,149.36265610991245,0.7567801101483406,0.9999999999877587,2.7999520684218737e-06,3.6057823393775834e-12,0.47109403960448626,0.3617388342773029,0.2609379097879422,-0.264376566177076,0.19109750028773223,-0.02309511052451423,0.30336781240999927,0.276617231211711,-0.42738150926126306,-0.2822491279483439,2
18,0,18,53,41,0.07317073170731707,0.15401980749961597,8.80245357142278,10.403025488055974,7.130551659831742,4.727006701590355,134.032088537434,174.21440405657265,0.959721143050985,0.9999999999998023,1.3428421449246386e-06,2.614464200689781e-12,0.5856594461022542,0.39644461254179014,0.239852167584805,-0.3082011155135134,0.14726496071144304,0.1700464459807018,0.507148328794956,0.2766172312295554,-0.4273832684621215,-0.28224912794979445,2
19,0,19,208,142,0.056338028169014086,0.06831901270795862,9.255953779143459,10.442348543632416,7.067410934739705,2.6725868406289166,132.84022643730268,179.7679557208727,0.9947733255122383,0.9999999999999802,1.8921397270110774e-06,3.436112505639244e-12,0.6638108866890519,0.4071456224399649,0.21156042814652296,-0.3200483570830746,0.13564032990507527,0.21320725764180642,0.5423455077006166,0.2766172312298192,-0.4273826052830694,-0.28224912794859214,2
20,1,0,178,138,0.043478260869565216,0.21292339279286907,7.147774742980865,9.467186940158829,7.2599838170468765,210.71086411110457,13.857861698256741,20.35801653355162,0.06635989993770003,0.8780827210022936,0.00010050945807899003,2.4073243398703426e-12,0.3005095565329454,0.14177423107377288,0.29784739747054984,0.8796478556400841,-1.0248345794049958,-1.025686837176932,-0.38990838189629956,0.09597827209741225,-0.4272635424256251,-0.2822491279500975,1
21,1,1,29,24,0.041666666666666664,0.3658335867245247,7.053244004996341,9.292320549895534,7.213796392451772,210.59711409548072,22.276040513366354,32.787104620833404,0.052182384471602006,0.9192186774404568,6.664953299639897e-05,3.111400026512001e-13,0.2842191266115242,0.0941877211844808,0.277151997155377,0.8789918923974941,-0.9427292580118128,-0.9290910796362376,-0.4041445439056017,0.15692743709679544,-0.4273044222578955,-0.28224912795316476,1
22,1,2,30,25,0.0,0.39670511505684325,7.15989503897734,9.23504115727116,7.143836848961801,210.11925423779655,38.69038809675898,53.693898019082624,0.03326337568556609,0.9669210416716526,5.304287742680103e-05,1.6758816556716738e-13,0.302598240454886,0.07860024105483263,0.24580492008658647,0.8762362136397299,-0.7826346207519224,-0.7666087211664186,-0.4231418128401667,0.22760573219753885,-0.42732084987243063,-0.2822491279533748,1
23,1,3,47,33,0.0,0.4259891636202815,7.5560672362396515,9.468425657843872,7.124243189262006,210.47787169793276,58.5246897859199,69.19707251870277,0.023813892785104374,0.9915126511940724,5.24113287756478e-05,1.1735057370287905e-13,0.37087037662898104,0.14211132416113284,0.23702550372636982,0.8783042561864505,-0.5891840240652678,-0.6461219344802125,-0.43263038436010504,0.264041935367762,-0.4273216123550075,-0.2822491279534483,1
24,1,4,31,26,0.07692307692307693,0.5143016530811433,7.966220913369167,9.770956086973792,7.1390612244986595,208.6286713453519,84.13556439349003,82.1260384439974,0.024754025858037598,0.9959521749678174,7.604909752273459e-05,1.312283615106935e-13,0.4415519335145884,0.22443913590315112,0.24366508525305647,0.8676404558095936,-0.33939257427558134,-0.5456412516657108,-0.4316863623437945,0.27061976387677994,-0.42729307395690797,-0.282249127953428,1
25,1,5,26,16,0.0625,0.588124964282555,8.273526300413383,9.983509061573137,7.123012099532566,207.2907304074743,120.56607088614895,108.5137523121901,0.029471449628230784,0.9936842740690598,0.00010195605570012534,1.167399510393352e-13,0.49450970131429167,0.2822813216573184,0.23647388399441896,0.8599249397176576,0.015926374132531295,-0.3405625529739378,-0.42694942453409185,0.2672595243673762,-0.4272617959165005,-0.2822491279534492,1
26,1,6,9,6,0.0,0.5149073060561193,8.444291364686524,10.026692142220623,7.05821213149044,209.38830151419495,155.3118163871402,146.92982967031807,0.03521887812736785,0.9915809961269761,9.269801834699276e-05,4.013456234019941e-14,0.5239375506242592,0.2940327628072592,0.20743868034757276,0.8720210219659189,0.35481328352963015,-0.042002427879366484,-0.4211782212900361,0.264143198762444,-0.427272973348619,-0.2822491279535613,2
27,1,7,65,44,0.022727272727272728,0.39870950921182025,8.487494671748168,9.967116236869497,7.0039486731856995,203.7785722575262,173.96233367661836,176.14400454174205,0.03723423875224485,0.9930981828435679,8.542926790006122e-05,9.520162436160717e-15,0.5313827526936279,0.27782033110505394,0.18312461646661513,0.8396713455894027,0.5367180339316068,0.18504281734012268,-0.41915452394817637,0.2663911412325172,-0.42728174907090316,-0.28224912795360607,2
28,1,8,61,40,0.0,0.40144933933055965,8.443941086497063,9.857284905572168,6.9816750856061836,177.59777263975755,182.44888914282402,196.37124976514332,0.030956555737101654,0.9963485949025492,0.00010697124066449959,3.497202527569243e-15,0.523877187377128,0.2479318561095728,0.1731443931600746,0.6886942919452537,0.6194902557360703,0.34224389770861385,-0.42545817515281303,0.27120712019721305,-0.42725574097338864,-0.2822491279536149,2
29,1,9,20,10,0.0,0.44746836801878537,8.373383580159967,9.740126339899309,7.026940204208375,126.11492398981034,183.76754479251676,212.00485467594913,0.018621315355908608,0.9987820719925791,0.00012102807844432961,1.8318679906315083e-15,0.5117180512387554,0.2160494158326714,0.19342653181574287,0.39180768359653784,0.6323515465571478,0.4637443568610821,-0.43784444134383,0.27481268597287223,-0.42723876984396975,-0.28224912795361734,2
30,1,10,59,44,0.0,0.4300418602056648,8.380788016333067,9.739274294403764,7.139819524661603,72.68387410372108,174.84470743278857,214.78785205099814,0.007410291005844782,0.9997788152113147,8.140279507995452e-05,1.1102230246251565e-15,0.5129940536392156,0.21581754811161422,0.2440048601066829,0.08368636558146841,0.5453241211186869,0.48537311496375446,-0.4491018410849474,0.2762895123836561,-0.42728661032009746,-0.2822491279536184,2
31,1,11,38,26,0.0,0.377910382496532,8.474038893383891,9.884590116410475,7.2453162661881265,38.83303432810345,159.35028704760168,202.9938011424503,0.0019506739853963895,0.9999785259492091,3.3826819398841135e-05,9.71445146547012e-16,0.5290639258320697,0.25536244173343053,0.2912752441338781,-0.11152157792360079,0.3942018423612607,0.3937127072182777,-0.45458404229274746,0.27658541416326754,-0.4273440498419274,-0.28224912795361856,2
32,1,12,57,44,0.022727272727272728,0.3216879895804976,8.439388387721518,10.098158763470538,7.321838032307242,18.762508918513127,146.79534508457184,185.7876482549135,0.0008636259373236976,0.9999988799190302,1.0967258599225982e-05,1.582067810090848e-15,0.5230926233089994,0.31348102312613907,0.3255626848505225,-0.22726245809799459,0.27174928253951935,0.25999079931472596,-0.45567558701095034,0.27661557165983347,-0.42737164869245603,-0.2822491279536177,2
33,1,13,53,41,0.0,0.3100280735805153,8.14604600964111,10.25464251907039,7.359373763549263,10.415525524910421,142.04174686473758,167.8402702942057,0.005357430339024694,0.999999965905587,3.816621496621764e-06,5.856426454897701e-15,0.472541093140217,0.3560650541234844,0.34238148327858414,-0.2753970826312915,0.2253858447715997,0.12050827591401848,-0.4511631935909813,0.2766171807137992,-0.42738028181390175,-0.28224912795361146,2
34,1,14,23,19,0.0,0.3711114233917704,7.742337531881952,10.25064150149396,7.332392410063958,12.747493594209722,142.8330023097835,143.216136300592,0.039734856698745324,0.9999999992276583,1.6257111045137052e-06,1.1388112675092543e-13,0.4029702339060931,0.35497625448519204,0.3302918308175822,-0.26194930130164507,0.23310322450972,-0.07086432199447976,-0.41664356197498187,0.27661723008550676,-0.4273829269482052,-0.28224912795345336,2
35,1,15,6,3,0.0,0.46629047477991725,7.41153145661767,10.133888012900353,7.272859116609091,17.88765172125855,144.14915699862138,122.83976253279012,0.19268794024041436,0.9999999999013697,6.575668177188909e-07,2.198546900089582e-12,0.34596260547146246,0.32320404810977876,0.3036164889701016,-0.23230750499989403,0.24594012262077194,-0.22922439203430983,-0.2630577745125461,0.2766172310837126,-0.427384095810096,-0.282249127950403,2
36,1,16,1,1,0.0,0.5370139920163812,7.276218920936541,10.081368531834496,7.2567226775430465,14.994312746159167,140.97150146361855,135.2026776988716,0.5415034345990419,0.9999999999822089,3.2706930075399043e-07,1.552383221969933e-11,0.3226442708535301,0.3089118859546737,0.2963861645027663,-0.24899254900282114,0.21494738242024974,-0.13314291385241742,0.0872006259045579,0.27661723120348813,-0.42738449482701724,-0.28224912793090495,2
37,1,17,33,24,0.08333333333333333,0.4132871437284859,7.648548246441777,10.109718931107258,7.244436707211168,7.1655542641957695,135.75685370719208,163.9824198598197,0.8659559216999217,0.9999999999995367,1.7797312124034903e-07,2.915012675686057e-11,0.386807578092558,0.31662689941910965,0.2908811363158189,-0.29413872125709745,0.16408717388854716,0.0905260292221203,0.4129952393355378,0.276617231229162,-0.427384674834114,-0.2822491279109664,2
38,1,18,74,52,0.019230769230769232,0.2550393065968997,8.361340224760026,10.124477831799416,7.1770230623651905,3.1275757238976567,133.17929433029488,177.10747905096267,0.978462725191324,0.9999999999999774,7.444060162731247e-08,3.148750704617953e-11,0.5096426264473648,0.3206432491172132,0.26067481113049407,-0.31742456858006285,0.1389473727868759,0.1925306997523928,0.5259674371428549,0.2766172312298149,-0.4273847998312021,-0.28224912790754625,2
39,1,19,63,44,0.022727272727272728,0.11789878210403505,8.911463401193416,10.132444518196582,7.086703895918689,2.263462210446882,132.42592000004473,180.00659534623162,0.9969401016175709,0.9999999999999662,2.110306464575551e-07,5.956851678590169e-11,0.6044450499226255,0.3228112289128321,0.22020510921208086,-0.32240765978352437,0.13159946026646976,0.21506190500039743,0.5445212468664218,0.2766172312297984,-0.4273846349230368,-0.282249127866457,2
40,2,0,80,57,0.12280701754385964,0.28430447158467753,7.4724368065838185,9.633471100475452,7.2463109976941755,166.12793221172723,11.447055538535295,16.358171473627777,0.0722895690693014,0.9455751618168025,0.0012148232560632577,6.024206133936616e-11,0.3564583908278152,0.18702525288205374,0.29172095780820134,0.6225510595430895,-1.0483479804514688,-1.056772630510725,-0.38395418416532945,0.19597857031822297,-0.42591820686900367,-0.28224912786547146,1
41,2,1,20,16,0.0625,0.4594734694261816,7.489278395177353,9.667399678738132,7.250758285006653,174.22121213688058,19.444718679088965,30.660701159805782,0.058231861159312004,0.9634990714770659,0.0009534782433374134,2.538444454636135e-11,0.35936069249812785,0.19625825999448762,0.2937136731859292,0.6692226499932031,-0.9703440894708016,-0.9456169543997528,-0.3980700430239999,0.2225355638078393,-0.42623373445091267,-0.2822491279164765,1
42,2,2,63,47,0.0,0.4627239082528995,7.6905012154085775,9.829844538389255,7.247484246612158,186.8390848188746,33.762271932936784,56.31308790647499,0.0362585966792654,0.9841367009485573,0.0007691866444966,1.4174245110964989e-11,0.39403731008789167,0.24046449029759842,0.29224666055607795,0.7419862503643525,-0.8307001905598849,-0.7462530338031212,-0.4201342018506439,0.25311334521289525,-0.42645623375151864,-0.2822491279328797,1
43,2,3,138,101,0.04950495049504951,0.4581120092574126,8.043135173541765,10.05260878430542,7.246927398055617,195.50680984725864,48.54831338009495,79.5293108806668,0.02318966366531089,0.9941193726703677,0.0007056487945006351,7.26335658285393e-12,0.4548065255342212,0.30108547627042664,0.29199715100031526,0.7919704985801679,-0.6864869691713299,-0.5658223674760806,-0.4332571956587105,0.2679041890047957,-0.42653294439527584,-0.282249127942992,1
44,2,4,36,23,0.0,0.523891587155236,8.328616415962443,10.18525984700488,7.238940592920777,194.10467503023142,67.42093466992874,103.08710989555593,0.02066927049325573,0.9947324396153009,0.0009268350031690908,5.296707517032928e-12,0.5040033505319871,0.33718390031559914,0.28841846847030217,0.7838847950654831,-0.5024159639614632,-0.38273705776915506,-0.43578801465942446,0.26881254076364136,-0.4262659014207616,-0.28224912794586965,1
45,2,5,33,25,0.0,0.5985370450498183,8.459282326822043,10.144803462279201,7.175856087539527,189.7176938382508,97.0200142990569,135.7813322898091,0.01975752018710958,0.9939478437495162,0.0011527220184965326,4.486577775963951e-12,0.5265209348581081,0.32617447678409717,0.26015191964246337,0.7585863509985566,-0.21372621297518196,-0.128645755398516,-0.43670353650112975,0.2676500428658854,-0.42599318305897804,-0.2822491279470551,2
46,2,6,16,13,0.0,0.5595575793088338,8.400090561125985,9.881075865281366,7.021641263259035,192.41847380279756,130.3308415437719,167.359209756243,0.021569831122607686,0.9949712427328463,0.001130202578384809,2.3894497491738775e-12,0.5163204505335842,0.25440610617999987,0.19105221228711766,0.774160963215965,0.11116545740501169,0.11676959398006449,-0.43488372878159837,0.26916636383897263,-0.42602037127431946,-0.2822491279501237,2
47,2,7,53,44,0.0,0.4681939798996017,8.231284252624846,9.529671970772238,6.8496038060204665,193.09518345174752,156.51908688035397,186.92163533626456,0.025838145048914574,0.9966652055616795,0.0012453554543627177,8.303358001171546e-13,0.48723015252510143,0.1587783250150994,0.11396664023004334,0.7780633508612104,0.3665881975616187,0.26880386270242157,-0.43059775859826344,0.2716762269586639,-0.4258813446744689,-0.28224912795240503,2
48,2,8,60,35,0.05714285714285714,0.44991406552938573,8.060220748478685,9.210432561967902,6.748317631481051,172.90887392640104,172.98341564096685,200.49207200182195,0.024584072574863114,0.9983088067209903,0.0016304671466746412,2.55351295663786e-13,0.4577508732364747,0.07190348725327665,0.06858290327433869,0.6616547773806202,0.5271703180063416,0.37426989533991434,-0.43185701865371495,0.2741114716187122,-0.4254163908581606,-0.28224912795324636,2
49,2,9,42,25,0.04,0.48068759104716996,7.933377938593237,9.002607201040364,6.785544912237456,126.4713173570865,177.4910889398968,210.73757481970907,0.015912086608682263,0.9994506037756768,0.0017421455252991103,5.948019854429276e-14,0.4358921217919095,0.015347830227742741,0.08526349295113997,0.3938629004468725,0.5711351675388582,0.4538953754338097,-0.44056487705472736,0.27580321731050156,-0.4252815590953832,-0.28224912795353296,2
50,2,10,54,40,0.025,0.47897932715119096,7.89154373553855,9.000025563921167,6.952934231584761,74.55399349770595,169.02867228031818,210.35596972744577,0.006377717600164201,0.999898491556742,0.0011725581185513811,8.326672684688674e-15,0.42868285666068356,0.014645287560062054,0.16026635363768169,0.09447079998334934,0.4885983796114468,0.4509296362975428,-0.45013868582159516,0.27646683105947045,-0.42596923449910495,-0.28224912795360785,2
51,2,11,49,35,0.0,0.42604710399294343,7.883711542177902,9.165698148372396,7.140269036373235,38.77001457426594,154.4976126657309,198.14887397045894,0.0017661429239598236,0.9999895888957916,0.0005178639183094913,2.831068712794149e-15,0.4273331391000998,0.05972988081152998,0.24420627477528856,-0.11188499450730624,0.34687208155541605,0.35605914751047524,-0.4547693366831956,0.27660180559828007,-0.42675966120645836,-0.2822491279536159,2
52,2,12,102,82,0.036585365853658534,0.36044955839397236,7.722678690977133,9.441865233962409,7.284886973352972,18.495092229797557,143.31972412579174,183.17988332788437,0.002125493655392996,0.9999994033793909,0.00018773837371793833,1.354472090042691e-14,0.39958243669933957,0.13488341791913874,0.30900586307853695,-0.22880457233235701,0.23785038562498437,0.23972390387996026,-0.45440849946576656,0.27661634724583306,-0.4271582290372538,-0.2822491279536002,2
53,2,13,66,52,0.15384615384615385,0.3334778088417648,7.313338652814746,9.766059302762788,7.3794955774561135,9.82175387232597,138.83461080148294,171.64873679554069,0.015199465087164243,0.9999999784575571,7.367265833141401e-05,2.4838464618426315e-13,0.3290410937680283,0.22310657068045842,0.3513975519925309,-0.2788211909837261,0.1941055710914352,0.15010672305522527,-0.44128044639802344,0.2766171993114485,-0.42729594308421126,-0.2822491279532566,2
54,2,14,80,59,0.11864406779661017,0.4087098436211923,6.814378228666984,9.988218567507808,7.406006526400942,9.008101198436378,138.34499809521742,160.65944195490852,0.09833283042752888,0.9999999992611098,3.3954510201272825e-05,6.502631766380773e-12,0.24305551916612045,0.28356292271511163,0.3632764282441956,-0.28351328920788277,0.18933021415390372,0.06470067777543334,-0.357803192559438,0.27661723013507045,-0.42734389567801323,-0.2822491279441051,2
55,2,15,0,0,,0.5055311640255642,6.489296554766381,9.974763360078345,7.363496275737884,9.89472549942279,138.06859572016845,154.51826768127003,0.3869443460546437,0.9999999999132958,1.168958862501901e-05,8.710659971100654e-11,0.18703437366016826,0.279901347952571,0.3442286752533612,-0.27840038484260193,0.18663436908626235,0.01697301046904847,-0.06799780994195306,0.276617231101383,-0.42737077660752887,-0.28224912782616224,0
56,2,16,16,13,0.15384615384615385,0.4689662094102146,6.615958134719112,9.841427845360629,7.309814178602547,6.859662670628204,135.84565398866093,164.43045829881572,0.7657303222551541,0.999999999995163,1.8474770538401408e-06,3.064291598242619e-10,0.2088618938504185,0.24361666351346933,0.32017510440127384,-0.2959027090728096,0.16495327281682326,0.09400807167915781,0.3123550478586152,0.2766172312226817,-0.427382659205297,-0.28224912750524095,2
57,2,17,93,71,0.04225352112676056,0.3333399340402183,7.1891829697407434,9.7549884386065,7.244969807175567,3.4473082287677386,133.61210786483943,175.50930939097847,0.9483438470776626,0.9999999999994799,1.711659973757662e-07,4.521843177673901e-10,0.30764541340431073,0.22009384887689742,0.29112000473656213,-0.31558076425611903,0.1431687483524931,0.18011012570056883,0.49572396963334503,0.2766172312290777,-0.4273846830525044,-0.28224912729196633,2
58,2,18,44,34,0.0,0.24579649730737846,7.9246039108563595,9.686786886893685,7.132109686019831,2.3105152230627723,132.4371109366433,179.33848937682214,0.9918035089050903,0.9999999999993628,2.3333669441072402e-08,6.750326686510988e-10,0.4343800984329085,0.20153411415508926,0.24055027915839225,-0.32213631875064747,0.13170860922449237,0.20986955285200415,0.5393634061851307,0.2766172312289043,-0.42738486153372535,-0.28224912696588594,2
59,2,19,85,66,0.030303030303030304,0.1337273935620906,8.482672390557356,9.657709347581413,7.004250230955978,2.4854358492514805,131.79118592871475,180.13565760287656,0.9986358642660877,0.9999999999981084,6.7743669340814e-08,1.823653505983458e-09,0.530551731636613,0.19362122357642333,0.18325973676892174,-0.32112760239556576,0.12540868598258162,0.21606494451246652,0.5462240241867031,0.2766172312270458,-0.42738480791655575,-0.28224912528517926,2
60,3,0,16,14,0.14285714285714285,0.30914487940135227,7.76750921813877,9.661157321837072,7.165705396777802,85.5456174198745,10.260055252155098,13.998185837132667,0.06172858517534524,0.9604284630716923,0.010077128422982029,2.7869224428211936e-09,0.407308056710754,0.19455952315913846,0.25560365546382585,0.157856296941482,-1.059925192357697,-1.075113847399812,-0.3945588545006579,0.21798599125495735,-0.41521855092266874,-0.2822491238756867,1
61,3,1,16,9,0.0,0.5234199155479234,7.780592583087067,9.816440190458474,7.206576984304079,103.40134701241865,18.138536017977415,29.760118807652944,0.05808789116860619,0.9721369212996664,0.00919803318740059,1.7366862947731931e-09,0.40956270577380804,0.2368167559650761,0.27391716553259476,0.26082509407170185,-0.9830837270508772,-0.9526160547298085,-0.39821460855927066,0.23533384977619828,-0.41627990193548364,-0.2822491254124331,1
62,3,2,26,18,0.05555555555555555,0.5483835085651741,7.9255045996925215,10.100246543073345,7.264654042137725,135.57254104513538,31.028681309893514,61.14165889487735,0.045286764625470266,0.9863759615801726,0.008075373856681833,1.1805248723018025e-09,0.43453531364310727,0.3140491720115028,0.2999400055487089,0.4463470092991242,-0.8573618167372133,-0.70872659025486,-0.41106868809143127,0.25643114981817067,-0.4176353132373278,-0.2822491262262301,1
63,3,3,27,17,0.11764705882352941,0.5238146533126027,8.187450895344597,10.297637793117024,7.291283534411075,160.25585368312755,41.72800138347475,96.50946737186301,0.03429080447955479,0.99200629068474,0.007402953738736229,5.82704773322007e-10,0.4796763742491781,0.3677653873352143,0.3118719980254059,0.5886884912503564,-0.7530077595683192,-0.4338568469239327,-0.42211013399635083,0.26477333722083757,-0.41844714083499024,-0.2822491271009837,1
64,3,4,27,21,0.0,0.5317215168758533,8.379746877735187,10.2950493086863,7.269643310251902,167.69669187282545,53.971549793994015,132.39487826570166,0.03000741916299038,0.991139483961732,0.008480131301461635,3.097169187782356e-10,0.5128146347990701,0.36706098130398407,0.30217556862259287,0.6315976400511829,-0.6335923255038446,-0.15496442733472302,-0.4264112379140784,0.26348903145630276,-0.4171466406719745,-0.2822491275004302,1
65,3,5,25,15,0.06666666666666667,0.5515253263798241,8.414269348722296,10.096526699834842,7.183511019510229,168.8151705737689,76.07453587962846,166.38021737250443,0.022322796835849312,0.992326200243894,0.009034126175801849,1.977975283562472e-10,0.518763873177193,0.31303688853730777,0.2635818983197305,0.6380475812790118,-0.41801448899450727,0.10916111053625012,-0.43412764835927115,0.2652473318035347,-0.41647779047557193,-0.28224912766419497,2
66,3,6,106,72,0.013888888888888888,0.5403688612465976,8.2557709509774,9.683636579980742,6.99875983088162,173.33539051853836,104.250353794802,187.610811449721,0.01784272763481104,0.9956220058850489,0.008847655194590298,1.168264374129535e-10,0.491449931742149,0.2006768189890979,0.18079962931704768,0.6641143744651772,-0.14320628685833026,0.27415996672958654,-0.4386262497617085,0.2701305682521783,-0.41670292099244766,-0.282249127782675,2
67,3,7,9,9,0.0,0.5016040854490144,7.933530756417802,9.099645024898845,6.737406137895436,178.61255867699612,132.87789532933567,196.44575795350187,0.021147568063513866,0.9978205579785302,0.011419593208306433,5.838249328427025e-11,0.43591845680330277,0.04175479932983357,0.06369374286389506,0.694546267752651,0.13600772724300553,0.34282295667472135,-0.43530773856908034,0.2733880569775653,-0.4135977636610588,-0.28224912786819245,2
68,3,8,45,32,0.0625,0.4726138604773748,7.58725011558335,8.519492883385759,6.521675371104204,168.50492200404517,157.52921294353632,201.2220115778274,0.021788732722919923,0.9989233541752345,0.016539027261057992,2.218661365738228e-11,0.3762441050217481,-0.11612239809980587,-0.03296968052856167,0.636258468049544,0.3764402958463875,0.3799428027815576,-0.43466392167550894,0.27502201697688283,-0.4074169583318922,-0.2822491279211557,2
69,3,9,37,24,0.0,0.48827847219278747,7.336248426153316,8.182532287711295,6.511169922533443,131.18819174402165,168.45832936277606,204.35752473190172,0.014193660977317835,0.9995621084838637,0.018067686456371523,5.2567394881464224e-12,0.3329891223674529,-0.20781971451504866,-0.037676902582362816,0.4210637425810333,0.4830356338468795,0.4043112251685985,-0.4422904111052837,0.2759684284650715,-0.40557137446392627,-0.28224912794592816,2
70,3,10,50,27,0.14814814814814814,0.5133235932891387,7.21283494613236,8.194193536044107,6.732417656154776,80.53189262469724,162.66213051232788,200.51423267176023,0.005400407809891261,0.9998810414544752,0.013012003566337693,6.660783036238627e-13,0.31172134544637126,-0.20464633106340122,0.06145853214381437,0.12894360487669343,0.42650336244624537,0.37444212251259723,-0.4511200383400158,0.2764409760835709,-0.41167521161219517,-0.2822491279526454,2
71,3,11,62,41,0.0,0.4665293928404948,7.108467796932747,8.440823079944838,7.0286205355455325,41.27781754552132,149.71433481527583,188.13247439463686,0.0019541685768444395,0.9999812538152866,0.006429265640142345,9.553469126899472e-14,0.29373581220729783,-0.13753086529463546,0.19417944518966335,-0.09742322446025185,0.300219168395672,0.27821420039429273,-0.4545805332456137,0.2765894559110242,-0.41962269589180373,-0.28224912795348023,2
72,3,12,84,62,0.08064516129032258,0.39382212316687765,6.834032967218483,8.80132769697779,7.251083670235677,20.542039310935422,140.14551642230506,175.35522078899317,0.006129512350897481,0.9999983635785434,0.002605398956954219,5.858369345190795e-13,0.2464426094165898,-0.039426498310541395,0.29385946996135737,-0.21700042410970524,0.20689127328162216,0.1789125877048095,-0.4503879177937675,0.276614806623008,-0.42423933424087457,-0.2822491279527628,2
73,3,13,46,37,0.13513513513513514,0.3745263077186879,6.337709071072957,9.21683271429564,7.383432868819876,12.02610572678325,136.03170413736927,168.46726357433795,0.038901249480180866,0.9999999132931447,0.0010847502058915492,1.1749573536334879e-11,0.16091138623065537,0.07364516506556677,0.35316175126635563,-0.26610933523295277,0.16676788231734022,0.1253811105453278,-0.4174806174833314,0.27661710276047785,-0.426075246923314,-0.2822491279364276,2
74,3,14,45,37,0.16216216216216217,0.45746078181805266,5.803891270355125,9.513665993022531,7.425690917702403,8.952926234669789,134.64356798922316,166.93354507954922,0.1985737555080686,0.9999999966661282,0.00047307116280620454,2.4692717315311086e-10,0.06891885915629065,0.15442260738790217,0.3720964991079741,-0.2838314671698251,0.1532289248914819,0.11346143479615614,-0.2571476120508992,0.2766172262902112,-0.42681374048535325,-0.2822491275923066,2
75,3,15,0,0,,0.5038499813513969,5.696135373901493,9.491782421809933,7.362984253827894,6.55138643870113,134.07348176556306,170.86827579600586,0.5782707370813545,0.9999999998569655,0.00013324061707192802,1.99064631445367e-09,0.05034934497260581,0.14846741624823614,0.3439992513681744,-0.2976804484040897,0.1476686827484397,0.1440411757719794,0.1241200195765209,0.2766172310179211,-0.427224025377481,-0.2822491250408289,0
76,3,16,91,66,0.06060606060606061,0.3961499334382618,6.21748595621596,9.340591327234694,7.262875040917194,3.9919016268076675,133.64696229638832,177.01226023220158,0.8865368424489679,0.9999999999856181,1.75131992519173e-05,4.795349228814416e-09,0.14019340317805815,0.10732368070051562,0.29914288073079964,-0.31244025258838826,0.14350869531336807,0.19179068295745455,0.4336612948785311,0.27661723120853937,-0.427363745634334,-0.2822491209368785,2
77,3,17,56,42,0.07142857142857142,0.29350130746253017,6.962679124038722,9.258516665091642,7.138855659217257,2.7917376743782825,132.91764550894882,179.8674419240594,0.981228695145416,0.9999999999845787,1.583151605699662e-06,7.623504744147525e-09,0.2686121306434669,0.08498864698791926,0.2435729767229358,-0.3193612488938154,0.13639542407675734,0.21398043947897605,0.5287448487756248,0.2766172312069994,-0.42738297833122413,-0.2822491167986113,2
78,3,18,54,41,0.024390243902439025,0.2557445200321322,7.695741613149391,9.225918495920432,6.951525376767597,3.0830591072930105,132.00104829509928,180.25539494123942,0.9974890659947372,0.9999999999721338,1.5823910504142447e-07,1.4333842029978783e-08,0.394940384939281,0.07611768500773036,0.15963508192935913,-0.3176812829551507,0.12745554402857726,0.21699551309672988,0.5450724820831538,0.2766172311885605,-0.4273846986594258,-0.2822491069797848,2
79,3,19,81,59,0.03389830508474576,0.14533260078953059,8.197974000642425,9.231951030038513,6.770489164662745,3.9148990612643217,131.11508654885793,180.06561121952527,0.9995732299134406,0.9999999999091551,5.2431200159297475e-08,4.128278249804218e-08,0.4814898151792391,0.0777593226262301,0.0785173986227745,-0.312884303978663,0.11881446197094148,0.21552056157662366,0.5471652673297334,0.276617231095248,-0.4273848264036365,-0.28224906754704676,2
80,4,0,290,204,0.0392156862745098,0.24970395186671263,7.841372851303539,9.647515365912962,7.111826158542222,32.56053443990675,9.708224278073146,12.8705622739065,0.04576454259989893,0.9308178790680427,0.05297220476809883,1.0572195077718227e-07,0.4200369358612502,0.19084712840154994,0.2314617507411264,-0.14769325968768526,-1.0653073849288965,-1.083877455119515,-0.4105889337462706,0.1741134153764927,-0.36343038181315346,-0.28224897325714904,1
81,4,1,63,46,0.021739130434782608,0.4680276545743805,7.823186280777959,9.795608125563572,7.154207092281894,48.83301884959746,17.37141142388137,29.345350541900117,0.052983113592238784,0.9491774239505175,0.05311961573393442,8.350719390981531e-08,0.4169028541966551,0.2311477119558586,0.2504515601353978,-0.05385457685471074,-0.9905657505063329,-0.9558395297388262,-0.4033405024983319,0.20131586858887027,-0.3632524093119305,-0.28224900576264544,1
82,4,2,75,53,0.07547169811320754,0.5662544230130877,7.886021259391172,10.059450837183515,7.232665436880369,81.74476998831521,29.142079247702952,67.11811236005775,0.054614479675686056,0.975654103824053,0.051243590370952385,6.958360593278812e-08,0.42773117139312217,0.30294740878047793,0.2856067319979858,0.13593791572526073,-0.875762479405387,-0.6622790917882154,-0.40170238812519143,0.24054508968826963,-0.36551737599412437,-0.28224902613618097,1
83,4,3,35,24,0.0,0.5627166079730367,8.04987453240243,10.222924670972816,7.285610765798005,112.43949805416828,36.06274949442442,116.40232479049303,0.05244656107203366,0.9878729473434408,0.04777154054885363,3.6316223722687724e-08,0.4559679155283727,0.3474336545166776,0.3093301759088442,0.3129454813248111,-0.8082628613355721,-0.27925454476727984,-0.4038792745153616,0.2586491615088508,-0.3697092581089113,-0.2822490748143087,2
84,4,4,37,25,0.04,0.5175203217933655,8.154059603277979,10.159409875327997,7.26992929659225,130.62584795508167,42.0378452889222,159.02291316758118,0.05018676664835475,0.9886132455737724,0.049353596471762684,1.6086784349056416e-08,0.47392207131031816,0.3301493299159483,0.30230371176653414,0.4178208695737617,-0.7499857480386021,0.05198198619975777,-0.4061484167779914,0.2597460257341196,-0.367799207197307,-0.2822491044148114,2
85,4,5,51,40,0.025,0.5053508728772536,8.129913838632671,9.91122744770192,7.1817687770392205,145.43638201717246,58.93212752745327,186.904316091605,0.03668805806984898,0.9908800434348648,0.0499997242839888,8.750576513394392e-09,0.4697610450109368,0.26261127684128704,0.26280124415466954,0.5032289101315908,-0.5852101471197857,0.26866926187360984,-0.41970296395513895,0.2631046309257517,-0.3670191228786149,-0.28224911514943607,2
86,4,6,53,36,0.0,0.5333335487234556,7.930798893859132,9.4534610058238,6.989828435452936,158.44044495060135,85.72714684672604,198.99195242097454,0.024811552317806185,0.9944449350582565,0.051523515156819244,5.518373286106382e-09,0.43544767643581783,0.1380389832140202,0.17679770010384538,0.5782195573141047,-0.32386933680144475,0.36261134192907635,-0.43162859792075114,0.26838655911151393,-0.36517941664345716,-0.28224911987892154,2
87,4,7,70,40,0.025,0.5623170888243186,7.514232002252979,8.74777947081532,6.679972595817773,167.90829726807397,115.78733008481285,200.60743925190724,0.02417592743377378,0.9962452672136407,0.07042221506421498,3.2497370072714915e-09,0.3636609338378149,-0.05399861356949804,0.03795924575271497,0.6328179067953713,-0.030682287665455034,0.3751665006933495,-0.43226685212317945,0.2710540245381936,-0.34236260058560186,-0.2822491231984784,2
88,4,8,36,25,0.04,0.5447539845444921,6.965302608233065,7.9561585822317165,6.373639756869377,165.5648768719616,144.88534386399954,198.07136547708762,0.02344437154738943,0.9971367362579662,0.1037009004414749,1.3481145921812043e-09,0.26906423422722286,-0.2694229451773841,-0.09930064235094858,0.6193040832292444,0.25312040003170355,0.3554567709257683,-0.43300143415501213,0.2723748712761591,-0.302184511795323,-0.2822491259810063,2
89,4,9,82,56,0.125,0.5555343409921929,6.500669897984557,7.4554771588604805,6.306546608072027,138.23767624705135,161.19255082433307,194.2428379209303,0.015029542838652654,0.9983486301972363,0.11640460985234322,3.384342806000973e-10,0.18899433562194104,-0.4056737219491019,-0.12936336147717975,0.4617160685418941,0.41217005886054153,0.3257024142943382,-0.44145107154490343,0.2741704761450373,-0.2868470440170873,-0.2822491274584098,2
90,4,10,38,27,0.1111111111111111,0.5925837059906556,6.24780408487182,7.4334802614804785,6.5600337556488375,91.07464817337879,158.7663829404775,186.76648769452055,0.006083852143076718,0.9994444546046369,0.09368481757067104,5.170969208379006e-11,0.14541810956189893,-0.41165975261589344,-0.015782272255560198,0.1897406085308586,0.3885068297663534,0.26759809411508256,-0.4504337668790653,0.27579410637999763,-0.31427714893984604,-0.28224912787795636,2
91,4,11,54,44,0.13636363636363635,0.5489679996044273,6.070547536435226,7.7629521321971815,6.945477309970675,48.453845982294254,147.3254800394839,174.75154787909156,0.00462466261620581,0.9999019870024428,0.055198866971996885,6.886519132720537e-12,0.11487158636759082,-0.3220003480242095,0.1569250983225125,-0.056041156453616056,0.27691986655903306,0.17422099314620246,-0.45189899247211684,0.2764720100929781,-0.3607420835609843,-0.2822491279435434,2
92,4,12,53,45,0.1111111111111111,0.46032420291850923,5.72407116017426,8.21075820436056,7.227579969529696,25.599378721331483,138.67184582631188,164.64420943272125,0.019085927708240358,0.999990869652901,0.02595970415119342,2.5139140769070423e-11,0.05516350360797807,-0.2001385765917336,0.2833280645136104,-0.18783621924936833,0.19251806969814275,0.09566929191991809,-0.4373779070815233,0.2766037032343907,-0.3960431679232413,-0.28224912791683543,2
93,4,13,52,40,0.125,0.4505203819577267,5.2070193275747005,8.623167235154742,7.367131237767646,15.923151396579698,134.4989613676589,161.4508942482449,0.09418905339416317,0.9999994950155545,0.01137419841317383,4.131613107194454e-10,-0.03393975343085384,-0.08790942613708369,0.3458574085069653,-0.24363620676734088,0.151818528011125,0.07085164663938223,-0.36196411069198975,0.27661648301872227,-0.4136525697956395,-0.2822491273490663,2
94,4,14,4,4,0.0,0.5178052223775066,4.87601758456366,8.825877696437438,7.380414955747387,10.337408116827888,132.50869129887298,166.15808397924687,0.3505040476096731,0.9999999820086215,0.004491540657400206,5.558680293837881e-09,-0.0909811011803275,-0.03274569023581851,0.3518095018240224,-0.27584756299410723,0.1324067565049655,0.1074347454766319,-0.10458884689553158,0.2766172045728895,-0.4219621538819609,-0.2822491198199428,2
95,4,15,15,14,0.14285714285714285,0.492003744860807,5.2325244142883385,8.743096672233033,7.278820438332279,5.898957869545299,132.3475754845971,174.63582983304184,0.7338367162583552,0.999999999395867,0.00109969465438442,2.887739541934664e-08,-0.02954447590941619,-0.05527294673729545,0.30628760433430396,-0.30144281412715807,0.13083533993100285,0.17332166149445066,0.2803295111475455,0.2766172303347336,-0.4260572041619591,-0.2822490856990917,2
96,4,16,68,54,0.05555555555555555,0.3755343899318657,6.047959284055935,8.656783226797895,7.138220872132695,3.554771199344046,132.89800765896337,179.25729197423877,0.9413535018508388,0.9999999996373806,0.00015243525208596953,7.142787561420505e-08,0.11097896529768589,-0.07876148343433421,0.24328854491178623,-0.3149610565729951,0.13620388953942586,0.2092385069894438,0.48870470822693124,0.2766172306925727,-0.42720085127246005,-0.28224902343757385,2
97,4,17,77,64,0.015625,0.3169091144596482,6.878792788660529,8.687753261843673,6.937526387270879,3.1639413919301163,132.66127567410487,180.4769025680254,0.9917228088485357,0.9999999993952742,1.5669255326478115e-05,1.5333399547290405e-07,0.2541560447503576,-0.0703335867026718,0.15336249379130612,-0.31721485835373286,0.13389496309253604,0.21871701485616538,0.5392823723056743,0.27661723033385527,-0.42736597186839104,-0.2822489035893531,2
98,4,18,58,48,0.020833333333333332,0.28670156875281316,7.595489298637748,8.810231469302233,6.656268211190256,4.200213239906468,131.7955183582438,180.3856021695759,0.9989606847807737,0.9999999988210032,1.5510993047751498e-06,3.123872959476248e-07,0.3776639588917072,-0.037003508683254215,0.02733791898700293,-0.31123898012747486,0.12545094162085088,0.21800745104182384,0.5465501883500978,0.27661722948298567,-0.427383017028672,-0.28224867085637667,2
99,4,19,119,93,0.043010752688172046,0.16426916695852686,8.040113392117526,8.92577859765712,6.431800681736591,5.224673072713998,130.82850863764205,179.9950223670613,0.9996194467934538,0.9999999967372192,3.1586910659298084e-07,7.332275042681857e-07,0.45428578360858973,-0.005559589941292969,-0.07324022366817018,-0.3053312183557876,0.11601937148624732,0.2149719627067949,0.5472116753899472,0.27661722639554326,-0.42738450834925806,-0.2822480550666131,2
100,5,0,60,44,0.13636363636363635,0.29736758524603313,7.5836823643055595,9.64628075286228,7.125278143877871,18.80012748780028,10.029594855062214,13.747944517247248,0.03935717309704567,0.8948859202038044,0.21479326806928054,4.748387225500528e-06,0.37562927641248206,0.19051115231113436,0.23748924034453242,-0.22704552275468184,-1.0621729499056538,-1.0770586602205572,-0.4170228078982122,0.12087476288862313,-0.16806025298303637,-0.28224217992871853,1
101,5,1,3,3,0.3333333333333333,0.5365443548224945,7.649577136324407,9.756568656517146,7.155231550257349,32.725801690888346,16.697218400369664,30.65732580778129,0.046771961134087436,0.9204799342452342,0.22111775441634046,3.9411964950220035e-06,0.386984886118362,0.22052387465325707,0.25091059347821737,-0.1467402115386083,-0.997141381185158,-0.9456431867897305,-0.40957734793645956,0.1587961805455233,-0.16042456151492582,-0.28224336104159525,1
102,5,2,26,18,0.2777777777777778,0.6343726815878533,7.759398130202509,9.940472792314406,7.215697845465817,59.62647753553543,26.275326710941556,71.84609179332311,0.05482937995002429,0.9614033084691015,0.21740191370232226,3.1706178744705937e-06,0.4059102774018295,0.27056983239059734,0.2780039894812346,0.008388158845645598,-0.9037228783889589,-0.6255344205954497,-0.4014865988969139,0.21943037271877233,-0.16491077773548518,-0.28224448858220846,1
103,5,3,46,32,0.15625,0.6276165238288567,7.865226931664627,10.065737899877668,7.270746855727501,84.79481709862584,30.601904130305385,127.74113121494361,0.06332053841825164,0.9836648877056935,0.19727170089947593,1.6576462144590742e-06,0.4241476963688628,0.304658311433752,0.302670039045738,0.15352664994703832,-0.8615243177083813,-0.19113218305533275,-0.3929603160027495,0.252414282259748,-0.1892144263980202,-0.28224670242119626,2
104,5,4,85,61,0.08196721311475409,0.5691166243355384,7.896755588095309,10.016134512975155,7.262213085052656,102.6974518768551,33.840939805341975,171.32338300849545,0.06604999492626928,0.9878326982307422,0.189643923996582,7.434930361926995e-07,0.4295810123362541,0.2911597079695602,0.2988462752861857,0.2567659356352381,-0.8299329164155589,0.1475781549649783,-0.3902195688571442,0.25858952633749815,-0.1984236092188755,-0.28224804004568743,2
105,5,5,42,29,0.034482758620689655,0.572177026568268,7.8355982875963965,9.794026140516351,7.175889225618297,123.50461500423116,48.51223345949286,194.8935548248614,0.05067585792361823,0.9895259276688222,0.19943174466618313,4.311594418160425e-07,0.4190418084835989,0.23071720528741932,0.26016676796561267,0.37675479119075655,-0.6868388687379627,0.33075962298401507,-0.4056573023335292,0.2610983028274404,-0.18660655805028334,-0.28224849706435257,2
106,5,6,6,4,0.0,0.6464209808129182,7.58510323869794,9.336299105829097,6.982094841262736,145.96238144833765,77.98404388405896,202.8229514337669,0.03409789243681566,0.9911083445521692,0.22812204655128507,2.881780529484512e-07,0.37587413491258187,0.10615563556584479,0.17333247490360235,0.5062621958025877,-0.3993904169891444,0.3923849061020583,-0.4223038440367699,0.2634428936932419,-0.15196812556739417,-0.28224870628028276,2
107,5,7,3,3,0.3333333333333333,0.700550875599102,6.99242871267244,8.554612965412831,6.655762262604172,161.83407816075078,113.98480556813098,200.56150456966606,0.03073119569415761,0.9913764015130773,0.30029261697298065,1.549483367169202e-07,0.2737388608389724,-0.10656514625639718,0.027111216402485584,0.5977896526013992,-0.0482629138331506,0.3748095078554747,-0.4256844674174518,0.2638400607790291,-0.06483500857145152,-0.2822489012271862,2
108,5,8,0,0,,0.6779840278576965,6.109056524992203,7.643893811514868,6.336482778392511,162.42066869562706,144.9186663543754,193.71381924093447,0.02868014717884204,0.992227815028276,0.3897793356645746,5.378596540372982e-08,0.12150781911904726,-0.35439976992581584,-0.11594973137944824,0.6011723495374798,0.25344540545651356,0.3215910137001412,-0.4277440002758566,0.26510155916909484,0.04320427508361691,-0.28224904925190314,0
109,5,9,17,10,0.2,0.6686603992863336,5.28971687548182,7.031543859629192,6.266839190847336,140.16081308190041,159.94811119930046,185.2390538595511,0.018619980577916972,0.9952646080984853,0.4225269979844332,1.2647591224324017e-08,-0.01968853062674482,-0.5210389794230793,-0.1471552366932243,0.47280623909890745,0.40003262181960797,0.2557272611669164,-0.4378457816432485,0.2696010291688602,0.08274124805732759,-0.2822491094471725,2
110,5,10,18,11,0.2727272727272727,0.6935631579405939,4.754423744847694,6.907141528239246,6.51643989323761,98.07070680726228,157.32030190403165,174.75686533209532,0.009886340370358515,0.998341805321697,0.3797163565651915,2.2678721955937675e-09,-0.11193530049160076,-0.5548926705985258,-0.035315563877551734,0.23008484304952384,0.3744027164105208,0.1742623190582466,-0.446615549323846,0.2741603640557276,0.031055019090890416,-0.2822491246351812,2
111,5,11,28,19,0.3684210526315789,0.6640914900645338,4.492319642910133,7.177017187256919,6.9037046821831165,55.91316183646795,146.63685989151222,164.0357905135628,0.016144432184350077,0.9996934879720025,0.2777971664665313,3.595092279429224e-10,-0.1571035557677828,-0.4814512236893341,0.13820785522314602,-0.01302545233815038,0.2702035232965742,0.09094081256684804,-0.44033157036109255,0.27616308712366244,-0.09199426073479117,-0.28224912742757213,2
112,5,12,61,45,0.2222222222222222,0.5909140620642859,4.266489408228681,7.610410644649564,7.193486289621138,30.469779766819908,138.46754493233166,157.72719741264015,0.06012235056417159,0.9999700731514574,0.1602891717577204,7.585497785456141e-10,-0.19602075551310352,-0.3635115669312983,0.26805156100404315,-0.15975003354653852,0.19052545455779282,0.04191200809460517,-0.396171733442973,0.276572890060038,-0.23386424722783783,-0.2822491268436805,2
113,5,13,63,44,0.29545454545454547,0.5702064781596313,3.9794185962754405,7.93932766632645,7.32171334167362,17.390902431494425,134.09639867244655,158.9536782420667,0.21222790733716165,0.9999983246115187,0.0765620879957814,9.706325493352708e-09,-0.24549151015140278,-0.2740031537867451,0.32550681417574495,-0.23517211361626,0.14789219902747494,0.05144390971084879,-0.24343697861844799,0.2766147488874447,-0.3349497969544201,-0.28224911375094697,2
114,5,14,0,0,,0.5605778331100874,4.138727870231879,7.977269118199092,7.3006772265426205,8.972515427139847,131.75417602417076,167.95559322981353,0.5439632206252624,0.9999999424263847,0.028738189671913883,8.046084729040892e-08,-0.2180378308662086,-0.26367812064553897,0.31608107053386564,-0.28371850199666093,0.125047715970652,0.12140453686644127,0.08967058705263267,0.27661714592579606,-0.3926886412438223,-0.28224901022017834,0
115,5,15,56,44,0.09090909090909091,0.4657728204149801,4.962540567295003,7.865214331513199,7.171304777236086,4.208100367909189,131.5005135871503,176.4481116895443,0.8539970518603982,0.9999999939815417,0.00689754157486866,3.22964605004028e-07,-0.07607064330356753,-0.2941716660703745,0.25811259423053584,-0.311193497355178,0.1225736611454491,0.1874062618751693,0.4009869005761323,0.2766172223125887,-0.41905733605650686,-0.2822486553792466,2
116,5,16,71,56,0.10714285714285714,0.3760139987395404,5.916915977298693,7.880997050140184,6.97408437466932,2.543249501660057,132.18130711368775,179.4005573450746,0.9723037537485218,0.9999999896737382,0.0010871634240077754,9.982060477642385e-07,0.08839634454474478,-0.28987670410031197,0.16974319028088636,-0.32079420788399665,0.12921366874405577,0.2103519295453106,0.5197829885714488,0.27661721592992367,-0.4260723333920058,-0.2822476673397005,2
117,5,17,55,40,0.0,0.3550417589951349,6.758370040245602,8.068207567463045,6.6713140595763205,2.6266381984670772,132.32995665365385,180.20482247583374,0.9960138516988543,0.9999999779650374,0.00012800309943394872,2.789740655650963e-06,0.2334036589568661,-0.23893097850633074,0.034079577742836466,-0.32031332953287844,0.13066349756355744,0.21660247657045711,0.5435911654332198,0.2766171985817058,-0.4272303487477197,-0.28224504589657123,2
118,5,18,50,40,0.05,0.3252701528653894,7.431037370744972,8.377895768721988,6.3075916521171855,3.771827515437792,131.81234699015386,180.35630537111626,0.9983743295445284,0.9999999572961865,1.3817331792342902e-05,5.880579744738101e-06,0.3493240488910209,-0.15465531735946045,-0.12889510404453128,-0.3137093559543308,0.12561507691209733,0.2177797636667847,0.5459614076037004,0.2766171679576651,-0.42736820773640516,-0.2822405232605819,2
119,5,19,111,71,0.028169014084507043,0.18678805052686795,7.833375887317643,8.615497164784802,6.064379801648251,4.572150293574268,131.07876977625938,180.13168727597983,0.9980448653569781,0.9999999016554026,3.48321757515091e-06,1.1607588082329645e-05,0.4186588234697264,-0.08999668761117967,-0.23787209617979055,-0.30909412736042113,0.11846025230734836,0.21603408812689906,0.545630580558479,0.27661708551739606,-0.42738068433978904,-0.28223214327920065,2
120,6,0,48,32,0.09375,0.3978662202587149,6.688844688533348,9.560813115228155,7.154116202370721,33.686635420123196,11.649484122280612,17.294680920566577,0.037321021346880756,0.8950327525144559,0.5686603981739309,0.0001509766617942554,0.2214223934555215,0.16725278586709108,0.2504108346974065,-0.14119936299312139,-1.0463736265808021,-1.0494943138043178,-0.41906738236968344,0.12109231724991755,0.25917131617687583,-0.2820282130290632,1
121,6,1,27,19,0.05263157894736842,0.6634756395020733,7.044132697001115,9.690757279670084,7.188591644527248,54.91100470547936,16.627756142581546,31.387744358238876,0.03902205670151626,0.9154466677317165,0.5862131191628729,0.00011732240877454503,0.2826489799316895,0.20261457984568865,0.26585839607859535,-0.018804600917800462,-0.9978188698826128,-0.9399665568786896,-0.41735931053226955,0.1513386320215352,0.28036310228290406,-0.2820774572412382,1
122,6,2,11,11,0.5454545454545454,0.7225882587892355,7.468423776664492,9.854521268169949,7.233318516171351,84.88498272839742,24.00743335738072,65.90193230660812,0.04633477730249208,0.9511247632025533,0.581126939804278,8.04728257021714e-05,0.355766827595927,0.2471797855809075,0.28589936007766126,0.15404660889869856,-0.9258424029048029,-0.6717309383552263,-0.4100163402175346,0.20420114734884087,0.2742224460773994,-0.28213137698464513,1
123,6,3,6,5,0.4,0.7204301527068802,7.693428675191035,9.959313072004305,7.264878690194926,100.62624913527296,29.29251791444888,116.56326493631371,0.059821406567686364,0.9742867254246498,0.5348096106329003,4.263830031692173e-05,0.3945417976170349,0.2756968505353103,0.30004066458121725,0.24482191207640344,-0.8742952006323386,-0.27800375829001883,-0.39647392232084344,0.23851911098501277,0.21830251586141178,-0.2821867379339587,1
124,6,4,20,15,0.4666666666666667,0.6866370208754018,7.749518479685454,9.96175723484263,7.24455673919044,105.88047213031646,36.10032452503246,161.54372551071066,0.06458381266608465,0.9816271704796041,0.5016089667714423,2.2754779741479547e-05,0.40420772267912575,0.2763619822332989,0.2909349195670703,0.27512148728275515,-0.8078963794595999,0.07157310794518096,-0.3916918161095676,0.24939509480942804,0.1782186483096126,-0.28221583227473723,2
125,6,5,19,13,0.5384615384615384,0.6963824132678408,7.741113189416601,9.850582979374861,7.160512286244864,119.85770559647402,55.84514621009816,188.302917823712,0.05013697960451535,0.9843691080174186,0.5258966819476047,1.4497205721275552e-05,0.40275924364454574,0.246108056368609,0.2532767558303815,0.3557241257669009,-0.6153185112639717,0.2795388440072214,-0.40619840977032895,0.2534576915710101,0.20754174102792244,-0.2822279150782647,2
126,6,6,2,2,0.0,0.7306479683463791,7.521691486039039,9.502012790073202,6.997783608654685,142.127315805777,92.42855900408622,198.8497936199557,0.03462842797861415,0.9857165821777482,0.601062663693965,8.712380401176834e-06,0.364946422563045,0.15125141333194178,0.18036220917595727,0.48414648811989536,-0.25850821641508986,0.3615065193564902,-0.4217711138879087,0.25545417912208435,0.298291283997471,-0.28223637965970383,2
127,6,7,13,11,0.09090909090909091,0.7235509970062061,6.793565448295514,8.759214892075605,6.739818275521275,156.2402093459546,131.36782251736645,198.71620783359185,0.03222104238497747,0.9863585437874253,0.6988342671205267,3.6521492484675733e-06,0.2394688642077421,-0.05088668459291564,0.0647745598659176,0.5655314387782954,0.12127948063801527,0.3604683241051676,-0.4241884578443886,0.25640534271372956,0.41633309121154444,-0.2822437839867704,2
128,6,8,38,24,0.125,0.6795412595691183,5.61908396570043,7.832058227611006,6.502717142282441,150.30920233461907,155.56086765257794,193.4623412026568,0.030173588588157163,0.9886551199563147,0.7717575453195078,9.96477242692917e-07,0.03707111830889633,-0.3031944592089327,-0.041464376610287484,0.5313290470718749,0.357242364051826,0.3196365894140075,-0.42624438111442803,0.2598080689895051,0.5043749688621246,-0.28224766986935534,2
129,6,9,62,47,0.46808510638297873,0.6475869111186049,4.408518035699018,7.150150450513473,6.475794534121599,124.22715982253766,161.7369815068199,184.56413800061762,0.02027842199453428,0.9934044839570217,0.792017162085517,2.051777745204486e-07,-0.17154504050260674,-0.48876248705909886,-0.0535277067981372,0.38092149692115473,0.4174800739057979,0.2504819842638893,-0.4361804799374343,0.2668449728367843,0.5288348497755082,-0.28224882772951887,2
130,6,10,32,25,0.36,0.6330246340696208,3.436859648564339,6.887910756137152,6.693904516177238,85.05085848428115,154.76250897350528,173.05247684250747,0.016615626552696994,0.9977118515235512,0.7643875519632102,3.721501781739356e-08,-0.33899039426436395,-0.5601259537093461,0.0442017819305989,0.15500316611849124,0.3494557040898584,0.1610162388841231,-0.43985842685568094,0.27322699185997246,0.49547701378678893,-0.2822490734991583,2
131,6,11,2,2,0.5,0.6243692322839987,2.911440835915975,6.911627725039661,6.971243736819991,50.80046505388535,144.3339381016545,164.0742385116769,0.0460230283714394,0.9995573356987425,0.6746129636216409,7.2254243976832555e-09,-0.4295355283586917,-0.5536718388075406,0.16847037331917747,-0.04250888705671266,0.24774235469318778,0.09123962077205779,-0.4103293787255373,0.2759613568592783,0.387090178771875,-0.282249117381098,2
132,6,12,3,3,0.0,0.6549076102148708,2.782931909509698,7.0539800285925365,7.170706136133936,29.353141696195696,137.16064370345978,160.75358032076903,0.15747995255679287,0.9999519045045416,0.5030479353587949,1.0673588124454625e-08,-0.4516814007440449,-0.5149334094811113,0.25784435850700926,-0.16618936039487942,0.17777880854534708,0.06543229756121988,-0.2984114031426194,0.2765459704511468,0.179955946733924,-0.2822491123356107,2
133,6,13,10,8,0.375,0.6685110966179039,2.917070808083881,7.156590289937964,7.261451229361762,14.935059670447899,133.09078002083922,164.48219753579642,0.40736144919220724,0.9999970730091925,0.29494774879303376,1.2798051682305633e-07,-0.42856531836122147,-0.48701000917013687,0.2985049072916796,-0.249334244249752,0.13808406303955753,0.0944101760616862,-0.047496249656441156,0.27661289444857173,-0.07128798548059899,-0.28224894068754935,2
134,6,14,25,18,0.16666666666666666,0.5918988138424747,3.6277644273001197,7.108074491298794,7.215488919588571,5.856567783321381,131.14669675866526,173.05693846189894,0.7310918131024917,0.9999998502378833,0.12253342947951187,8.503939559478813e-07,-0.30609187907273616,-0.500212646499435,0.27791037515431116,-0.3016872654202907,0.11912276694907736,0.1610509134718283,0.27757325345767314,0.27661700933453465,-0.2794475852834124,-0.2822478836241032,2
135,6,15,63,49,0.08163265306122448,0.45429636214077734,4.721332424244839,7.05820841139329,7.0535455566212875,2.253482410870916,130.96445729778375,178.44890669220166,0.9292608932998354,0.9999998814072493,0.03251523493659958,3.301001004291093e-06,-0.11763790951361376,-0.5137827367894593,0.20534770784013257,-0.32246521038388554,0.11734532436501882,0.20295593918118865,0.47656207753407,0.2766170555166826,-0.3881285314231037,-0.282244297800541,2
136,6,16,67,50,0.04,0.3906013712678747,5.705256698174786,7.170461785430422,6.780108349096136,1.309655937332444,131.587247492187,179.7728381556234,0.9875795990828797,0.9999997263675273,0.005876154547737711,1.1940396998921798e-05,0.05192121775211333,-0.4832351496534671,0.08282750844811464,-0.32790798303432345,0.1234196060113318,0.21324520270101555,0.5351220237873853,0.2766168258017953,-0.42029047907883754,-0.2822316563002476,2
137,6,17,58,44,0.022727272727272728,0.3975409625223574,6.500368731499592,7.474436711199532,6.375074620943821,1.4972248348144888,131.99586585117197,180.11767355573866,0.9961405415644318,0.9999993453948597,0.0008181590780251824,3.7309024591758444e-05,0.18894243576774966,-0.4005142460571345,-0.0986577165615415,-0.32682632777892395,0.1274049979147918,0.21592517700541095,0.5437183793626005,0.2766162613329464,-0.42639710825541566,-0.28219453593750954,2
138,6,18,55,41,0.024390243902439025,0.37442394951262864,7.081346646094201,7.890807216039178,5.944688585254095,2.3952971483009833,131.84257765502306,180.32783129673038,0.9937704095759292,0.9999987327706514,0.00012031881504082076,8.100264843355354e-05,0.2890620392468458,-0.2872070569722092,-0.29150266032580646,-0.32164740605655023,0.12590992672575999,0.21755847029704914,0.5413384431140782,0.2766153536371693,-0.4272396261532763,-0.2821306017274144,2
139,6,19,98,64,0.015625,0.21753667017542283,7.427322147049418,8.196947530097738,5.675966852304402,3.0110639665080114,131.4381322754553,180.28535034788578,0.9912200593735783,0.9999973714635466,4.590522693992405e-05,0.00015115352827593798,0.34868380644136676,-0.20389688478575552,-0.41190997650620104,-0.31809645798383995,0.12196523529014981,0.21722831900953102,0.5387775431631705,0.2766133366540108,-0.42732946731484955,-0.2820279542311471,2
140,7,0,91,64,0.578125,0.3929227418860832,5.203378508501213,9.39414775882105,7.158281364160569,80.86566721394581,15.34325961603426,23.49736904945439,0.036811529822196265,0.9133347145775469,0.8758816883536715,0.00220415270965163,-0.0345671737730385,0.1218980289070635,0.25227713686458747,0.13086838581546337,-1.0103469953188766,-1.001288576232011,-0.4195789814509977,0.148209452772769,0.6300863368627669,-0.2790239259669193,1
141,7,1,14,11,0.45454545454545453,0.6234810494143803,6.000871436559944,9.574287052808737,7.206963554639015,111.24393069900351,19.035523337112352,31.95115949658681,0.036168565937614694,0.9250749809161847,0.890145392551071,0.0015649308613920054,0.10286434251848375,0.17091945767841332,0.2740903777846652,0.30605099225835036,-0.9743351088828959,-0.9355878356308851,-0.4202246050123982,0.16560443983927822,0.6473072206574432,-0.2799592602411381,1
142,7,2,38,29,0.3448275862068966,0.634872593995042,6.93508291366096,9.776164561532852,7.255805538450698,143.71410432758034,26.205876302670745,52.92527868383503,0.03909225980729092,0.9455046823041873,0.8891943863970238,0.0009197623951229528,0.26385649093472646,0.22585652163256215,0.2959752179988803,0.4932970358218697,-0.904400251514097,-0.772582238002673,-0.4172888170251558,0.19587414421961236,0.6461590500111498,-0.2809032958381528,1
143,7,3,15,10,0.1,0.655637819866924,7.457428579669519,9.883687327977468,7.271179782119652,150.84909979456006,35.98652947095722,87.62430041349415,0.0472428139813551,0.962206683415692,0.8615777125957063,0.0005039382450921226,0.3538720313641641,0.25511676530223865,0.3028640222580758,0.5344424786309525,-0.8090062607882113,-0.5029101376554888,-0.40910454736485924,0.22062069467590795,0.6128168323272833,-0.28151174591011247,1
144,7,4,30,21,0.38095238095238093,0.6935837914566755,7.683643017078142,9.956751975141785,7.246483726469423,139.97028572516058,51.676251840462044,129.38563920018225,0.049409087414304054,0.9721408816286634,0.8330260791657382,0.0003377188972759071,0.3928554405534819,0.2749998975016703,0.29179835314212643,0.47170752326978266,-0.6559791362745545,-0.1783514791532986,-0.40692931295078627,0.23533971760489086,0.5783458173201633,-0.2817549645257998,2
145,7,5,18,11,0.18181818181818182,0.6929154629300383,7.846375629597352,10.009269124791857,7.184748804470288,135.93246131322354,81.17126468170058,165.47755673350298,0.03617625807009983,0.9792169004470213,0.844379589571822,0.0002325381635399637,0.4208990618844398,0.28929142520700935,0.2641365180127979,0.4484225647602293,-0.36830438357397105,0.10214585828168324,-0.42021688106072863,0.2458239138128274,0.5920531601435279,-0.2819088690669518,2
146,7,6,52,38,0.18421052631578946,0.6410533301444946,7.781544577637907,9.828563528846837,7.08488491473642,142.26578980302838,119.70226508660555,187.49170713351413,0.023114041158229903,0.9841090233318113,0.8910438868644452,0.00011959563370439463,0.4097267624695102,0.24011588829828495,0.2193900703987493,0.4849450273706658,0.007501386454019654,0.27323431783486646,-0.43333313098496207,0.25307233662148493,0.6483919926035425,-0.282074130970092,2
147,7,7,61,43,0.09302325581395349,0.593931544215914,7.166151165559956,9.230198840878291,6.941963957543213,141.0695376309503,149.64518285831866,196.5747447254108,0.021432689149307793,0.9874587199205758,0.9332982690778586,4.256117570017315e-05,0.30367635529717496,0.07728249819658838,0.15535085521257477,0.47804658916432513,0.29954470616629447,0.3438254095383405,-0.43502143805476695,0.25803542069109636,0.6994066375963696,-0.2821868507856981,2
148,7,8,44,30,0.2,0.5803785601178323,5.993241432751998,8.373263931674666,6.8126597254662435,123.38080970577376,162.64605067948756,197.01304968008992,0.02128178268126596,0.9909969111233579,0.9537757240558435,1.112199919825474e-05,0.10154946817196299,-0.15591578233003622,0.09741294530013238,0.37604084205782223,0.42634653044346915,0.34723180579474744,-0.435172968760724,0.2632777881498889,0.724129519374224,-0.28223285381174534,2
149,7,9,37,30,0.3,0.5569465392698683,4.5608621860882606,7.627265259153939,6.819268709950947,92.99225436862169,160.8828743242246,189.53167111199252,0.01755591661439232,0.9952031192256483,0.9568002837053917,2.2544886273401232e-06,-0.14529165711887918,-0.3589249092060203,0.1003742617360827,0.20079888549849742,0.409149680091242,0.2890884066041371,-0.43891424720121036,0.2695099240680999,0.7277811367615529,-0.2822458290981605,2
150,7,10,24,23,0.391304347826087,0.5025824309152407,3.282275045950352,7.210043285797064,6.96933719280714,59.430229397537424,150.80929125272095,177.7657241429809,0.028536194969278894,0.998433629684428,0.9473393543532458,3.865386775936397e-07,-0.36562987354385684,-0.4724638089985005,0.1676160998473324,0.007256452935564047,0.31089864577225174,0.19764641563311047,-0.4278885479564314,0.2742964157905028,0.7163587486702004,-0.2822485623551905,2
151,7,11,147,120,0.65,0.4966424901670657,2.5081063840634004,7.027571204360497,7.114846517383446,35.907154428904015,140.9972780323051,169.75305627641927,0.10189190134440262,0.9996977478363165,0.9134118318220545,7.722415157340734e-08,-0.49904193191469554,-0.5221200608072483,0.23281509606969938,-0.12839427596747435,0.2151987899399645,0.13537396917064656,-0.3542293992318011,0.2761693987594047,0.6753973045133994,-0.2822490149562374,2
152,7,12,2,1,1.0,0.5738520010750254,2.23740572254141,6.880735390679153,7.198991185101103,21.399818233058795,134.83669026484424,168.34906125583336,0.3134841062984622,0.9999646918742945,0.8183295702786872,7.696322720796012e-08,-0.5456916275610818,-0.5620785907987963,0.2705181634753821,-0.21205386265127113,0.15511251121772993,0.12446247175068428,-0.14176192445919192,0.2765649168808997,0.5606023989045267,-0.2822490153380321,2
153,7,13,0,0,,0.6390130596160067,2.401096096335031,6.672502803199038,7.215549429105607,10.441703591883154,131.67754352941878,172.02560957046714,0.6247394897201874,0.9999973502132755,0.621019231463049,9.116044341062057e-07,-0.5174829557581305,-0.6187450666634573,0.2779374879169067,-0.27524612133601617,0.12430029354723206,0.15303568380719987,0.17078099430925983,0.27661330516850763,0.32238528719158077,-0.28224779405855044,0
154,7,14,14,10,0.3,0.6039011160987163,3.1755004912241422,6.467479637524875,7.120140533563755,3.9134609904134052,130.69697245000216,176.82782175755128,0.8623266752860046,0.9999988972292871,0.3375484475521301,7.219696102789275e-06,-0.3840302736490906,-0.674538160386028,0.23518720893563533,-0.3128925969148289,0.11473645493170435,0.19035727335786146,0.40935098022372424,0.27661559730760726,-0.01985522490525257,-0.28223856381343493,2
155,7,15,56,41,0.0975609756097561,0.5002783294053006,4.297899153038998,6.399875394290666,6.88628845711314,1.4410169377848803,130.91042578522405,179.40353815848704,0.9667851734033531,0.9999971970395161,0.11280543802506957,3.439405940261486e-05,-0.1906079315196428,-0.6929353491447076,0.1304040914722541,-0.3271504623664445,0.11681833690116135,0.21037509568007765,0.514241580131935,0.27661307821832715,-0.2911924033246543,-0.282198801227967,2
156,7,16,53,42,0.0,0.45239903433352263,5.261907099076926,6.551034347607009,6.512751023280524,0.8685181461724909,131.4906830665465,179.96372639131357,0.9913353908314204,0.9999928560466573,0.025018505615003073,0.00013130786859436028,-0.02448097405111002,-0.6518003602196624,-0.0369684518907231,-0.330451896319356,0.12247778078089955,0.21472873822692173,0.5388933516997604,0.2766066463783285,-0.3971794976167867,-0.2820569931723929,2
157,7,17,43,33,0.030303030303030304,0.4714527357980215,5.999560436921552,6.917795608565066,6.00805551022586,1.165298096404193,131.8616403418119,180.00172815588178,0.9883276012848827,0.9999833829011052,0.004641244789900301,0.00039598999370704657,0.10263841867411763,-0.5519933684626347,-0.263109566523144,-0.3287404526995733,0.1260958515035287,0.21502407841685117,0.5358731201664718,0.27659261047491657,-0.4217814127901877,-0.2816696999907456,2
158,7,18,50,32,0.09375,0.45860792202189127,6.50345613299483,7.356913649014036,5.500340795176107,1.9265552192681596,131.79321079236908,180.0375405159444,0.976900754624952,0.9999694200299873,0.001072507865043093,0.0008249670506259299,0.18947448596401165,-0.43249587701828957,-0.49060350813105646,-0.3243505043727995,0.12542843515693014,0.21530240310368892,0.5243990053474669,0.2765719223614188,-0.42609002737067947,-0.2810420040737769,2
159,7,19,89,60,0.08333333333333333,0.27647174300207933,6.783887764281259,7.654831047393698,5.180027467426521,2.4411668359135916,131.56593562561702,179.94648837834865,0.9689994100775371,0.9999430824086375,0.0005707241214049086,0.001443301686148507,0.23780111426103492,-0.3514234124764181,-0.6341276946856249,-0.3213828889146586,0.12321174422879569,0.2145947687104816,0.5164649761914208,0.2765328991766352,-0.42669584192064935,-0.28013723278175123,2
160,8,0,42,31,0.5483870967741935,0.31611229330952556,3.8488359543357102,9.282435611314725,7.085879751751991,140.3812813532995,19.917595622259498,30.54636083255815,0.03972602983879592,0.9153153550234483,0.9798516212301682,0.018313183030153113,-0.26799474479050467,0.09149772611554584,0.21983583134918291,0.47407761547105093,-0.9657319620438153,-0.9465055787662692,-0.416652425348016,0.15114407230746157,0.7556115235483465,-0.25545256615777256,1
161,8,1,26,21,0.5238095238095238,0.5058085004654025,4.944903469219653,9.423879196710423,7.1268476402836125,166.114688645689,23.82440368710263,35.20525611869543,0.04345663775334019,0.9266770491457601,0.9838018769782655,0.012748806178983052,-0.07911003468397504,0.1299888653509065,0.23819249142845364,0.6224746877511892,-0.9276275526661383,-0.9102978122505825,-0.4129063854447879,0.1679781471581161,0.7603807541952942,-0.2635945788216691,1
162,8,2,85,61,0.21311475409836064,0.5066965037952325,6.235701048898862,9.607920614610002,7.183833445167168,187.88626905881915,33.27668833245373,47.21309266965228,0.043948050966762964,0.942994761664198,0.9837187623565655,0.007104930126585668,0.143332400050288,0.18007218176025747,0.26372636898681634,0.7480250571799439,-0.835436250277381,-0.816975916072905,-0.41241293945726437,0.1921553157185168,0.7602804080844855,-0.27185291780933474,1
163,8,3,74,45,0.28888888888888886,0.5418885350095413,7.00860541686426,9.739469283941078,7.2228175638755445,186.53135091273322,49.48409545729281,67.62379272524356,0.04220404763827029,0.9593215096061489,0.9779954399875366,0.0040159640427788745,0.2765265833471744,0.21587061074721697,0.28119415268934383,0.7402116384680794,-0.6773599727164191,-0.658349070727494,-0.41416415700934917,0.21634587163067057,0.7533705151091048,-0.27637281314449935,1
164,8,4,15,15,0.2,0.6225943318451306,7.43134641886426,9.891716852179128,7.244517725679389,165.03879898099075,74.18867726386618,97.38055105996054,0.03577151215980118,0.9727837559768991,0.9706971095233918,0.0030467184407279024,0.3493773069829067,0.2573018451923957,0.29091743861341257,0.6162703451033774,-0.4364079005803182,-0.427087002817733,-0.4206233012381844,0.23629223355728865,0.7445590802196252,-0.27779105101324936,2
165,8,5,10,6,0.0,0.6335869454369265,7.826598433649069,10.091859492350325,7.241096404330135,141.10881189905103,107.57444404386527,135.60867822259883,0.021895530825440768,0.9825603356001092,0.9719290769949109,0.0022332854233775012,0.4174908686183462,0.3117667981855661,0.28938443226914573,0.4782730724409419,-0.11078531977820377,-0.12998757953698367,-0.43455668179321727,0.25077772061483106,0.7460464616439902,-0.2789812978469277,2
166,8,6,30,18,0.05555555555555555,0.5527846310898132,8.003846758499094,10.071455200355118,7.200217525269309,125.07201512712292,138.9459135320936,170.39804346411753,0.011645280154186533,0.9884179828261401,0.9822998300195971,0.001122670830624256,0.44803597464651795,0.3062141643069117,0.27106765505076436,0.38579353163759417,0.19519114395338572,0.14038664794178737,-0.444849333530461,0.25945671432740497,0.7585672998659416,-0.2806063923221525,2
167,8,7,32,25,0.12,0.49502184553750006,7.636637009749043,9.645777280382182,7.139038253806433,107.42371407907416,157.49322987150765,190.689097208536,0.010217274035434376,0.9922264015441362,0.9908146779619398,0.00040063042371607516,0.38475492124508665,0.19037414200219432,0.24365479267503734,0.2840209145685957,0.37608934087637363,0.2980836321434419,-0.4462832467224757,0.26509946487773717,0.7688474630630415,-0.2816629099330428,2
168,8,8,24,20,0.2,0.5101675555177783,6.710916742702868,8.947882787067908,7.095177855915556,84.16972406761694,162.74652452972413,197.08283919053795,0.012316839847699212,0.9952477661788717,0.9939377692935472,0.00011632617409482182,0.22522605837273857,0.00045563817891632454,0.22400207334089484,0.1499219203187208,0.42732648560318576,0.3477741923787657,-0.44417499587104353,0.2695760753078997,0.7726180399172345,-0.2820789149705753,2
169,8,9,31,26,0.34615384615384615,0.5243820302784381,5.381451570059665,8.212290432597356,7.112808587694812,59.087095825306925,157.66975383059187,191.9251357654254,0.0215884261861094,0.9977142186054848,0.9935602785706337,2.7861373658316646e-05,-0.003879941322935437,-0.19972161027800592,0.23190195204640335,0.005277701465093597,0.37781103825445655,0.30768981402209583,-0.4348650567979763,0.27323049905124336,0.7721622870648971,-0.2822083601078707,2
170,8,10,69,56,0.39285714285714285,0.5097886166615586,4.0576966921400235,7.676160407738682,7.176427762291896,37.007365120692754,147.44439452627736,181.03882099695642,0.06643411645794917,0.9992860392132077,0.9904130209952324,5.4462159130852505e-06,-0.23200188907943944,-0.34561903911764624,0.26040807243630437,-0.12204968103305072,0.278079679431974,0.2230841040534983,-0.38983385837286844,0.27555938992591017,0.7683625337730573,-0.2822411588386372,2
171,8,11,39,31,0.3870967741935484,0.515697047741016,3.2003314725088683,7.375964131343025,7.218317778722324,22.590328632164933,138.4055511430791,173.74587742632838,0.2158110207434777,0.9998632765206925,0.9799269049635149,1.0429836056202735e-06,-0.37975116434429307,-0.42731165628622514,0.27917791437567857,-0.20518853557899266,0.18992080833884717,0.16640517443619127,-0.23983904334749062,0.2764146546369807,0.7557024152554127,-0.28224760181943603,2
172,8,12,0,0,,0.5514901873378171,2.853902602690843,7.09884979197594,7.21287445141022,13.006621276171067,133.0304574996745,173.29726207690453,0.5161829426398545,0.9999839819365541,0.9454445852251088,5.361060088360237e-07,-0.4394510603448045,-0.5027229702093929,0.27673889902121657,-0.26045498735740596,0.1374957172588067,0.16291864837589876,0.06177539349707501,0.2765934980368838,0.7140711522280829,-0.28224834350245326,0
173,8,13,136,109,0.5596330275229358,0.5640105065524132,2.825690462441993,6.72585407902729,7.152151359666974,6.733017602367816,131.05262929653563,176.0703341828746,0.7977065202964161,0.9999965902442531,0.8463658216681573,4.960585670260587e-06,-0.4443128429084024,-0.6042265476331006,0.24953043907745473,-0.2966330343319181,0.11820529544123402,0.1844702697748369,0.34446351826342453,0.27661217915901753,0.5944511818387958,-0.2822418694316996,2
174,8,14,3,3,0.3333333333333333,0.5875985635552515,3.157677446257274,6.2896732633926575,6.985361439263874,3.546303099825984,130.79892821826184,178.0055496012398,0.933134541800429,0.9999862360355729,0.6093894065793724,5.0329791721231976e-05,-0.3871017091547209,-0.7229247300880844,0.17479615368402668,-0.31500988963897736,0.11573086373492736,0.19951027898779766,0.4804517497233481,0.2765968378268124,0.3083443438221337,-0.2821754834445355,2
175,8,15,16,9,0.0,0.5856130866340297,3.849445520550991,5.951438898579894,6.62367762787781,2.0154351885636217,131.22487150292503,179.0099462011969,0.9787192577523444,0.9999439066082254,0.2846987761159094,0.00031834199918309714,-0.26788969858094136,-0.814968678166537,0.012734914509728638,-0.3238379594510201,0.11988523144920873,0.20731619763306255,0.5262250308734404,0.27653412035346014,-0.08366179561049154,-0.28178331755685404,2
176,8,16,46,35,0.05714285714285714,0.5651566809524535,4.549696954837752,5.955350174187959,6.100414910514335,1.9961973390248104,131.69363678013585,179.25195495123702,0.9803022169712805,0.9998469971225388,0.08800668176739185,0.0012345234715660514,-0.1472157552600853,-0.8139043000712225,-0.22172568814942156,-0.32394889853172903,0.12445725641906066,0.2091970289842799,0.5278145381428051,0.2763905342369686,-0.3211324871805598,-0.28044272518683855,2
177,8,17,45,33,0.18181818181818182,0.574392803902535,5.133823733865722,6.269429003142005,5.482756464834483,3.388685747311918,131.8599743472838,178.89062219916107,0.9580837346052637,0.9996818071275653,0.024385287754075335,0.0033084650673672056,-0.04655350971051102,-0.7284338144190905,-0.4984825955424971,-0.3159188230494609,0.12607960250013106,0.20638884139513933,0.5055041470647771,0.2761457801791647,-0.3979439954673337,-0.27740805316715966,2
178,8,18,40,30,0.16666666666666666,0.5712316541796529,5.59024270905353,6.665818512988268,4.888342953717961,5.140876701277804,131.85645622780393,178.36421253501442,0.9273917780428678,0.9994786507689126,0.008406732481466395,0.006158235804344353,0.03210092046352501,-0.6205640671113924,-0.7648240439593403,-0.30581444764787236,0.12604528910088642,0.2022977174182307,0.4746852305169831,0.27584477318926265,-0.4172352566816948,-0.2732381577682183,2
179,8,19,90,61,0.11475409836065574,0.35669207903734573,5.842107111598265,6.914659208680643,4.511564801848679,6.025487353203957,131.8056570973568,177.82466723190666,0.910589846931825,0.9991677604948748,0.005242589574223577,0.00953028467525463,0.07550457399289165,-0.5528468790994824,-0.9336486699544491,-0.3007131554108164,0.12554982814389537,0.19810450654747108,0.45781379673594347,0.27538414204683315,-0.4210553960060445,-0.2683040446869923,2
180,9,0,135,107,0.6728971962616822,0.30171683790256115,3.0353820450937428,9.201691452670493,6.93677436830218,181.0212614508888,23.5627968834509,36.260092414280365,0.041306162679063674,0.9111526882793015,0.9972303625486265,0.10529527005480202,-0.4081768081631805,0.0695247632263313,0.15302553337971656,0.7084365557964125,-0.9301790915635915,-0.9020998889324824,-0.41506575614888436,0.14497644952208072,0.7765932601716755,-0.12817699280441128,1
181,9,1,54,41,0.43902439024390244,0.5012700892358803,4.076259912830785,9.228936618652341,6.933820943085208,196.6077227596902,30.124260850150762,40.09383163315805,0.05093712411428869,0.9268137292150751,0.9980343656581174,0.07800242677904413,-0.22880289949968777,0.07693900880250185,0.15170217929141255,0.7983191430167154,-0.866182932818576,-0.8723050285645767,-0.4053949553922169,0.16818065943248928,0.7775639508090786,-0.16811294278203298,1
182,9,2,50,36,0.3055555555555556,0.5189895446637427,5.400756234968066,9.314249753275377,6.989649208566664,205.87005039202387,45.42475319360521,47.99918034072729,0.05319991141627528,0.9470442479605741,0.998111332977113,0.0463227489511393,-0.0005531790702350457,0.10015533023690014,0.17671739313303808,0.8517322914397086,-0.7169520992945312,-0.8108666397086486,-0.4031228078709744,0.1981552444867121,0.7776568751461277,-0.21446787972501247,1
183,9,3,12,11,0.18181818181818182,0.5512246900693432,6.2756948044260845,9.453649707570886,7.081402988863444,195.05203027461886,70.20898530625396,59.69786993006585,0.04519318484842816,0.9668113356998964,0.997533204011759,0.027733017806165938,0.15022450187453631,0.13809033474898558,0.21782990872182756,0.7893479171106508,-0.4752231710090162,-0.7199473562358791,-0.41116265496947496,0.2274431861440871,0.7769588873308371,-0.24166909748023652,1
184,9,4,38,29,0.20689655172413793,0.6049409270339985,6.840754265539482,9.684005668300102,7.184051520330765,163.618076698726,100.0065123348755,77.29694017067787,0.030006081776965066,0.9818529107889317,0.9967560819307968,0.0212611998642267,0.2476008870479051,0.2007772592448432,0.263824082874287,0.6080774530850087,-0.184597895977344,-0.5831717931401961,-0.426412580832319,0.24972956335110164,0.7760206507504004,-0.2511389132477688,1
185,9,5,23,17,0.35294117647058826,0.6051762748676587,7.489526468963509,10.004553582968299,7.260956207551985,124.25745292158138,127.70176083968128,108.64181786196589,0.01408879472467317,0.9903253787674559,0.9968667785008196,0.01601430812390578,0.35940344291682635,0.2880081815986625,0.2982831007153682,0.38109618840904447,0.08552315151926242,-0.3395672596178535,-0.44239571114643184,0.26228281100808293,0.7761542971540589,-0.2588163693472427,2
186,9,6,12,6,0.3333333333333333,0.517389008379871,7.979473054205909,10.171535636089006,7.283852074091361,90.01717104953995,147.21858506823693,149.9201875781813,0.005506243683359058,0.9939965999072728,0.9981037082941622,0.008751334596330013,0.44383566763337934,0.33344912145107486,0.3085421512631962,0.18364244564873938,0.2758772840524946,-0.018762115685953797,-0.4510137646671225,0.26772228251608815,0.7776476696987034,-0.2694438347437736,2
187,9,7,35,26,0.19230769230769232,0.42880005351435435,7.8567069828831055,9.977179229186339,7.272378945738402,64.14309118906972,156.47350642924164,179.92472696410664,0.004634793313350594,0.9961834897967053,0.9991284669794962,0.0033986199248921545,0.42267945829605524,0.2805587800584531,0.3034013367186887,0.03443415559956986,0.3661436361344954,0.21442564445300574,-0.45188881986844975,0.270962491915543,0.7788848833981391,-0.2772761350725889,2
188,9,8,53,45,0.26666666666666666,0.41786580519723165,7.195191202066741,9.512676621981901,7.262463084349784,46.33096120540756,157.9071672588679,191.48734962600653,0.011980034196824585,0.9977607218460776,0.9994145116728081,0.0011166780633325712,0.30868080876612736,0.154153369172724,0.2989582935590805,-0.06828321527227967,0.38012661104754975,0.30428744986786194,-0.4445131947481998,0.2732994006626147,0.7792302314476666,-0.28061516117237345,2
189,9,9,52,44,0.4090909090909091,0.47533084766509265,6.225408000471208,8.914441814521023,7.266014033825434,32.731707018916595,153.11473660243746,189.96920568184467,0.05204797249412885,0.9988687814655257,0.9991565054776237,0.0003390600512088726,0.1415586046937349,-0.008644676457954786,0.30054938294199696,-0.14670615723012562,0.3333844275013283,0.29248881562274875,-0.40427951189007505,0.27494115922185514,0.7789187348936095,-0.28175300209719395,2
190,9,10,64,52,0.40384615384615385,0.5566166318249852,5.312894457219031,8.417653820990079,7.256493115430453,20.57028371389687,144.22022163075064,182.04815390445222,0.18572496626037993,0.9996306918309321,0.9981903583109759,8.388539488002333e-05,-0.015694350753740455,-0.14383593151529744,0.29628330360807514,-0.2168375468560188,0.24663323981260338,0.23092838644377883,-0.2700495514485939,0.27607004510653615,0.7777522841697907,-0.28212638358067454,2
191,9,11,0,0,,0.611656654038582,4.821665231722236,8.120335696151432,7.2094577173496885,11.764192322676287,136.202936365058,176.4016575597043,0.44678536186183687,0.9999327575133097,0.995201846826878,1.5215901872034365e-05,-0.10034761215766187,-0.22474531534026865,0.2752079481233682,-0.26761971362625214,0.16843796766430635,0.187045232020744,-0.00790925649480403,0.27651760127661223,0.7741441885254564,-0.28222686345409953,0
192,9,12,18,13,0.46153846153846156,0.584571916231028,4.50772863812967,7.722716121401369,7.12790011268096,6.777800203755163,132.10732258284466,176.07565961779238,0.7396298110048153,0.9999900035029183,0.9847647919915516,3.9119582884439286e-06,-0.15444813212320616,-0.33294980104807365,0.23866407731519082,-0.29637478609998125,0.12849207280075098,0.18451165772031625,0.2861465695413841,0.27660241990168677,0.7615433026692713,-0.2822434038240765,2
193,9,13,66,49,0.3469387755102041,0.5271838612932547,4.178203946503172,7.180428048530725,7.006547439263599,4.692721017714646,131.18466263327159,177.36602460606488,0.9104510237999746,0.9999791479237516,0.9472088297223775,2.5188176862311895e-05,-0.21123494042251542,-0.4805230236876494,0.18428905689123481,-0.30839883107641836,0.11949306085765188,0.19454005100797145,0.45767439934996373,0.27658633571298463,0.716201163412583,-0.28221227163341045,2
194,9,14,40,27,0.37037037037037035,0.5758936641760649,3.990127459022168,6.55853391712192,6.758931884888595,4.098428609373727,131.26688100552624,177.6166785716714,0.9679051088327679,0.9998587068949829,0.8180249995566893,0.000279917395494933,-0.24364605774266088,-0.6497594972593794,0.07333887798480346,-0.3118259424757777,0.12029496421782722,0.19648807080784061,0.5153661482730336,0.27640788404270056,0.5602346839731035,-0.2818395419316946,2
195,9,15,2,1,0.0,0.6685237614459952,3.893808036533275,5.879836511994082,6.250395018809124,4.282538674288766,131.5462798636162,177.46874238134785,0.9722309730431046,0.9992860264970904,0.5345321889857464,0.0020449877244214654,-0.2602447306778489,-0.8344538843987482,-0.1545234484124473,-0.31076423330138564,0.12302003498957076,0.1953383478135517,0.5197099068022242,0.27555937108505174,0.21796757860516694,-0.2792568223648547,2
196,9,16,31,22,0.22727272727272727,0.693337049790626,3.894355650762247,5.505901656564215,5.548613601451945,6.157892351439735,131.5946218771945,176.9455950635158,0.9436346714331281,0.9979537330702754,0.2492336655937319,0.008057455745651976,-0.2601503606199054,-0.9362130313055483,-0.46897370177200837,-0.29994961431149,0.12349153086163697,0.19127257797456595,0.49099531406840036,0.2735853760955197,-0.12647960356665494,-0.2704591452700983,2
197,9,17,53,38,0.15789473684210525,0.6872517636803852,4.089724925952353,5.55373625566068,4.800849815861099,10.21323545280007,131.32973135922492,175.3729282074166,0.8913351819749072,0.9961658002355851,0.10218408109221311,0.019349231091891517,-0.22648248121750056,-0.9231957692717928,-0.8040274749506043,-0.27656363061739486,0.12090796479710252,0.1790502053228271,0.43847948315914037,0.27093628214499577,-0.30401580115674404,-0.2539365803313802,2
198,9,18,40,33,0.2727272727272727,0.6643569915527844,4.401563572773523,5.773640400440475,4.114355190446625,14.353832927943145,131.5679873523558,173.6130853934092,0.8360555682559125,0.9944848522645171,0.046524091285707614,0.03171345673959994,-0.17274349926157073,-0.8633531045693088,-1.1116281089264812,-0.25268600975591315,0.1232317554078166,0.16537314803770403,0.3829712004422503,0.2684457025130863,-0.3712153310408155,-0.23584476439304247,3
199,9,19,64,36,0.16666666666666666,0.41716971266129066,4.60731913279566,5.927359137536564,3.681616880622116,16.143687480256816,132.0409297122437,172.40326115157265,0.81080110080829,0.9925466795563223,0.031088948977556485,0.04264162513579159,-0.13728575712448796,-0.8215215199407327,-1.3055270463978457,-0.2423644393415212,0.1278445208659878,0.15597069724560772,0.35761226566254795,0.26557400537954234,-0.38985051783131447,-0.21985424328801048,3
200,10,0,0,0,,0.3936388652898621,2.970560065313335,9.152762162178547,6.818221171148108,187.62960597535442,25.452457607087368,38.915548175861986,0.04146629675371627,0.9114866716201874,0.9952659044600909,0.39110287940741184,-0.41934754417450193,0.056209602077495084,0.09990488646650517,0.7465449558581175,-0.9117485967444782,-0.8814623522842184,-0.4149049596655079,0.14547129654918953,0.7742215267149236,0.29002781916795073,0
201,10,1,6,4,0.75,0.6428008920487591,3.6129298744463725,9.076828324132387,6.746817007113772,198.79517863114717,36.709753813191966,44.04566440839767,0.05002250956555537,0.9310399615535213,0.9971692941399477,0.3214703661820001,-0.30864830938135335,0.03554567500909258,0.06791051198437635,0.8109335645497011,-0.8019524112130542,-0.8415923746741415,-0.40631335332470153,0.17444246429677868,0.7765195309387335,0.1881388170991875,1
202,10,2,28,22,0.5454545454545454,0.6817349596976452,4.636102363079715,9.026586209166055,6.781671216253405,204.22108120617264,60.67967866188562,50.444964306387035,0.05325110641968689,0.9557615270595696,0.9985263339800634,0.2194132561346217,-0.13232555893021078,0.021873254041836074,0.08352778913582666,0.8422231659406981,-0.5681656947869302,-0.7918586197087313,-0.4030714010949157,0.2110712169875347,0.7781579149845582,0.03880488363785013,1
203,10,3,64,50,0.44,0.6891709642593664,5.516834467711819,9.1438598965178,6.934416303247112,188.87386175365788,93.29164046743679,57.59920465052045,0.04540796966282756,0.9765175100669689,0.9993380073825358,0.14634049962478252,0.019450518734642937,0.053787022459625355,0.151968944909767,0.7537202168940896,-0.2500902934304052,-0.736257656804871,-0.41094698167874644,0.2418243571252642,0.7791378661353787,-0.06811801623077243,1
204,10,4,65,51,0.43137254901960786,0.6792326543262812,6.234370465619463,9.442121749494344,7.115904850583488,151.519408143355,121.79890246852531,69.24514561868884,0.028731263695337073,0.989057128023799,0.999605100749229,0.11412479926060193,0.14310310136787208,0.13495322366556536,0.23328930803180173,0.538307951840772,0.027950594040167014,-0.6457483223955708,-0.4276926723113825,0.26040370497703863,0.7794603338314623,-0.11525728220020406,1
205,10,5,88,61,0.22950819672131148,0.6506591330349445,7.066369497087462,9.852171373112823,7.251196306755772,104.55514650366192,139.5336138766506,95.13668788770143,0.012578945073483838,0.9948707285821028,0.9996963193234321,0.0903283339534593,0.2864810354218581,0.24654030703842522,0.29390993949703514,0.2674787200200018,0.20092318252521169,-0.44452574501828296,-0.44391180642387434,0.26901743686391494,0.7795704640223668,-0.1500771959244135,2
206,10,6,26,18,0.3888888888888889,0.5476724658707304,7.708620957460795,10.196225628814556,7.322400271291992,61.50721168596898,148.1508009761322,137.0956567610544,0.0041466499197221895,0.9969054084756014,0.9998171514992971,0.05645511686831531,0.3971598752385435,0.3401680259886014,0.3258146097189079,0.019233805459421174,0.28496949846212405,-0.11843115501410585,-0.4523789825102809,0.2720321240448534,0.7797163473658822,-0.1996418048376586,2
207,10,7,94,68,0.20588235294117646,0.41759728959979536,7.61625797394697,10.245105276415362,7.340498235147388,35.22110815034678,151.25834615265936,171.40948112039518,0.004480345916076767,0.9979689998367811,0.999911858229168,0.024795927936731216,0.3812430132490426,0.3534696777836586,0.3339238431338549,-0.132350505239013,0.31527842882181684,0.14824728791209194,-0.4520439061510049,0.2736079961280006,0.7798306888838434,-0.2459667616305198,2
208,10,8,42,35,0.37142857142857144,0.3638380688986123,7.010608382523859,10.047197790754366,7.337268637666852,24.23641325925913,151.02159162626947,185.4620828930735,0.022715099609571632,0.9987437192532883,0.9999229972385368,0.008949583145710371,0.2768717533141969,0.29961297890978217,0.33247674333769855,-0.19569604449102218,0.3129692825198114,0.2574605869182006,-0.43373372279052363,0.27475586056664336,0.7798441372548468,-0.26915374975441586,2
209,10,9,28,23,0.2608695652173913,0.4302803459559815,6.412125682782354,9.734109738482642,7.313847008680166,17.572291534625784,146.96304505502633,186.62158231301467,0.12285627313226682,0.9992879352793157,0.9998191496749007,0.003095334106799519,0.17373555986865244,0.21441211399105958,0.3219821121223373,-0.23412609543676405,0.27338491659698066,0.2664719258073201,-0.33317830647094665,0.27556219923572256,0.7797187598072365,-0.27771991467949514,2
210,10,10,0,0,,0.5466967189773017,6.350387349727982,9.471046130633109,7.222935737222487,10.02011542624868,139.70173358877108,181.76034188567849,0.4038393584244423,0.9997686970261745,0.9994870225736496,0.0008220750639255925,0.1630962269962882,0.14282443520615376,0.28124710313512,-0.2776772976189413,0.2025629104639202,0.2286915835675312,-0.05103290986332078,0.27627452075616027,0.7793177754530636,-0.2810462357412156,0
211,10,11,1,0,,0.5624669496031108,6.605283330354143,9.21584395533513,7.086372116540447,4.805267467880313,134.16457823782935,178.20027505229294,0.7244825740000838,0.9999624893615056,0.9988016163802069,0.00013210935244994948,0.20702231070381408,0.07337609341616882,0.22005644738238958,-0.307749808445628,0.14855717719569278,0.20102363638979207,0.270936674654773,0.27656165352380274,0.7784902694808365,-0.28205582041003757,2
212,10,12,67,51,0.21568627450980393,0.5102993581154065,6.353724971015369,8.663153085168167,6.9546653805433225,3.3751722067504986,131.9344274219889,177.73056262653546,0.9029972818714832,0.9999737564183393,0.9964117692719312,2.2419524282252246e-05,0.16367139743127745,-0.0770280495373234,0.16104203708434944,-0.3159967517058828,0.12680576830886858,0.19737314913974613,0.4501898243605536,0.27657834737914194,0.7756049545045092,-0.2822163228335667,2
213,10,13,59,46,0.30434782608695654,0.49360134459416594,5.69649379076878,7.924301921667573,6.778204063675613,3.755932456977064,131.49867228947653,177.6688565873401,0.9678420017152591,0.9998377559699011,0.9847181355611596,9.722705375170282e-05,0.05041111075359587,-0.27809211991526755,0.08197424699356126,-0.31380101813153466,0.12255570235167612,0.19689358526836193,0.5153027801073672,0.2763768420662822,0.7614869733346935,-0.28210686154642056,2
214,10,14,39,26,0.34615384615384615,0.568651144834619,5.0132455618662615,7.151208370802979,6.430453788244547,5.088793870166825,131.64194628803915,176.8060653980412,0.9781638292306695,0.9988807795066879,0.9317844850028338,0.0011064411322722345,-0.0673326795645734,-0.48847459449013303,-0.07384373209593163,-0.3061147941804987,0.12395310171294367,0.19018818838449517,0.525667304772696,0.27495893614145983,0.697579012788293,-0.2806301402481194,2
215,10,15,37,30,0.36666666666666664,0.7125934459622447,4.253631620064196,6.280396507295985,5.797101774412114,7.743578830133316,131.66289316225246,175.75414268789223,0.9506727375657642,0.9945025945972242,0.7718973335632455,0.008085935581191667,-0.1982365310534606,-0.7254492200433593,-0.3576325248590684,-0.29080542177147134,0.12415740360260874,0.1820129087221784,0.4980624937823624,0.2684719904727517,0.5045437382833039,-0.27041747246686587,2
216,10,16,1,0,,0.7944493451271927,3.5395473320335653,5.489607679199141,4.94110260124171,12.799037000011957,131.17211131804538,173.8623653787248,0.889625541115578,0.9843288539589164,0.5173945230520349,0.03227516744361125,-0.32129428242799624,-0.9406471224642411,-0.7411837991186024,-0.2616520654778193,0.11937064367061088,0.16731048960710973,0.4367627702196036,0.2533980490716985,0.19727689759607556,-0.2350228474402853,2
217,10,17,21,15,0.4,0.7901278189228411,3.21274215887957,5.061143113685703,4.038554453272363,20.06923761794249,130.28293736335763,170.18528793243183,0.8115358210038837,0.9720866667985564,0.2964785313479273,0.07430010318752214,-0.3776124376093791,-1.0572454765179664,-1.1455924750663686,-0.2197269339034547,0.11069823186664118,0.1387331652719538,0.3583500250930341,0.23525939010282887,-0.06943983803391084,-0.17353032668220433,3
218,10,18,31,19,0.2631578947368421,0.7332389894976854,3.248885674834202,4.9376051358448185,3.2578219803060544,26.483247460776813,130.2585114919056,166.59350601163044,0.7413952151620458,0.9633092547799653,0.1692534814496664,0.11142120003286679,-0.3713838454463824,-1.0908639505733688,-1.4954186714550108,-0.18273920540571714,0.1104599981500707,0.11081873638349801,0.28791927644862236,0.22225432155184313,-0.22304143897494108,-0.11921329376072437,3
219,10,19,75,47,0.2127659574468085,0.4491220306545743,3.342044467056624,4.9293710790498295,2.790888771536235,28.96797375086255,130.97245417360224,164.69853875335406,0.7113242907618251,0.9568846770625505,0.11990895109610458,0.13266655286166174,-0.35532984218120056,-1.0931046900574615,-1.7046394660901774,-0.16841051186441292,0.1174233205769834,0.09609152578344418,0.25772396101731854,0.21273533424110203,-0.28261617575870684,-0.08812626705356948,3
220,11,0,61,48,0.625,0.38528291315238516,3.796417578587606,9.210948109495646,6.866842071837732,168.66920066301986,25.49892381904141,39.000645054566604,0.04554368391867947,0.9210414074227745,0.9727257870380261,0.7751372223120492,-0.27702797456238065,0.07204378355315694,0.12169066500421302,0.6372058152761648,-0.9112953961947865,-0.8808010006705604,-0.410810706028905,0.15962808830466516,0.7470083472019535,0.851961808711315,1
221,11,1,10,8,0.375,0.6663341684377467,3.9194454207266425,9.074148291399059,6.74274073633165,180.69278792851875,40.38748659610806,46.21873672310568,0.04881646763855163,0.9382601712910302,0.9812846460091991,0.7115681058759585,-0.25582665440472196,0.034816355875917984,0.0660840395978211,0.706542344567895,-0.7660822498905616,-0.8247038012763294,-0.40752438415051107,0.18514030124346795,0.7573416458821425,0.7589450046919166,1
222,11,2,0,0,,0.7633198460104346,4.344287212515156,8.898356899026174,6.704245428423942,189.81445613430975,71.95925317305736,54.17211538218906,0.04826366323396958,0.9603882088099174,0.9896588968885947,0.5878912865925822,-0.18261390282380416,-0.013021875467504601,0.048835279477727776,0.759144351005283,-0.45815222147416934,-0.7628921356748692,-0.40807947527927085,0.2179263484544663,0.767452063152842,0.5779762716658732,0
223,11,3,0,0,,0.8055470653577909,5.04754028259742,8.946371568462414,6.854699165782579,177.98473915913377,110.44957695218164,63.14204367123081,0.04208880758856853,0.978178197982629,0.9964158772855538,0.47226343069588916,-0.06142268926240203,4.438923046533787e-05,0.1162497402502582,0.6909258152679677,-0.08274318422012714,-0.6931801011248603,-0.41427987375968084,0.24428491840906955,0.7756099141997077,0.4087850949733542,0
224,11,4,0,0,,0.8140901937017567,5.869349919927205,9.279250352468019,7.079730108126362,141.4793236446571,135.60085090363918,77.64902058577947,0.030072746864443722,0.9886192609108009,0.9991620118250513,0.4095277908156051,0.0801993121215411,0.09063091945601243,0.21708033377070263,0.4804097058711213,0.16256562622304047,-0.5804355123951283,-0.42634563997882596,0.25975493836921587,0.7789253828279659,0.31698786627280057,0
225,11,5,0,0,,0.8026449413175821,6.707193937941076,9.768685629213554,7.24789958552657,92.47786069555957,144.67103041154203,103.594818173237,0.015718174942536856,0.9947418768600721,0.9998097169837956,0.36114501625232476,0.22458450948212233,0.22382127468637805,0.2924327632707359,0.1978325268575871,0.25103012905036926,-0.3787912762807716,-0.44075959085358307,0.26882652347459557,0.779707371511802,0.24619230843313986,0
226,11,6,0,0,,0.7120540027368155,7.168739978984529,10.251295143970603,7.343395376139746,47.85485141282761,145.41954730279264,140.5949886877996,0.006500599809804608,0.997617848116135,0.9998818734982766,0.2683491300284721,0.3041224840863054,0.35515413065757767,0.335221977704725,-0.05949538384801328,0.2583306653390556,-0.09123522430892612,-0.45001529529885614,0.2730877115396588,0.7797944876587515,0.11040975793366475,0
227,11,7,9,7,0.7142857142857143,0.5755809850593216,6.788930422482291,10.498594746689438,7.376497585155024,23.431149833891986,144.64614342717945,170.6812568973609,0.008697311558988452,0.9987073144852209,0.9998557117026285,0.1397384814039938,0.23867011276663247,0.422451939988912,0.35005422853692,-0.2003397643599453,0.2507873979449278,0.14258771176382568,-0.4478094966577685,0.27470192137553584,0.7797629019474608,-0.07777834611113164,2
228,11,8,70,53,0.49056603773584906,0.4739496340176355,5.932969993573189,10.525522456962019,7.370767993877668,15.712439631769854,143.06356267249828,183.1176784168072,0.04078136287978068,0.9993028674485509,0.9997645398115387,0.05422286979507146,0.0911629243118449,0.42977979612669087,0.34748694564191807,-0.24485132020480663,0.2353519570559151,0.2392404629013417,-0.4155927268288252,0.2755843235115464,0.7796528281181053,-0.2029081155900433,2
229,11,9,10,7,0.42857142857142855,0.4805151346442032,5.450835587812304,10.474947835390077,7.321937823688728,11.658881379711858,139.3421421013581,184.46168363014928,0.1905097791900736,0.9996650731901368,0.9992641728449825,0.018597603291020115,0.008076968175127056,0.41601688991036945,0.3256073988090506,-0.26822701119230763,0.19905569408223656,0.24968573457451188,-0.2652449457181887,0.276120986310206,0.7790487240742673,-0.2550363913680725,2
230,11,10,0,0,,0.5422696155196542,6.118887186131572,10.356496444048362,7.184214180597854,6.204633176774877,135.07999758340918,181.30823788162752,0.5453320891313715,0.9999017171071166,0.9977991385189651,0.004797303119774221,0.1232019315293232,0.38378263210361874,0.2638969667679505,-0.2996800735718249,0.15748556909958836,0.2251779445578302,0.09104511800405368,0.276471610202075,0.7772799559103737,-0.2752295274128086,0
231,11,11,123,97,0.16494845360824742,0.5026240622457148,7.010253165600872,10.043398870222902,7.005799201399862,2.651571477003671,132.9534833758308,179.14870291565452,0.8508665602350631,0.9999649474775345,0.9961697847544859,0.0007678810745501974,0.27681053897784236,0.2985791760779921,0.1839537906957984,-0.3201695465703218,0.1367449628122747,0.20839458004155212,0.3978434593960749,0.2765652955959072,0.7753128012743689,-0.2811255344946257,2
232,11,12,88,64,0.1875,0.45365887149246314,6.9211473960094505,9.465906875070138,6.824446659833185,2.1735052013013245,131.99235155246365,178.71476565055931,0.9614435857164944,0.9998470397921644,0.9950323073982652,0.00011835850750657739,0.2614549908664863,0.1414258860892955,0.10269436827079924,-0.3229264156807361,0.1273707217808136,0.2050221283739274,0.5088778964964733,0.2763905974584974,0.7739394998444273,-0.28207594118126905,2
233,11,13,46,36,0.2222222222222222,0.49491934339713217,6.061351424629241,8.738963106345885,6.553476243713621,3.334449773659415,131.46479702601954,178.10363182524182,0.9834446899032053,0.9988749552853424,0.9924243113267488,0.00025667880295907053,0.11328682549383684,-0.05639781683766559,-0.018720525162287907,-0.31623158612863056,0.1222253055456088,0.20027254945061976,0.5309700101911838,0.2749503066732642,0.7707908088267922,-0.2818735455442785,2
234,11,14,38,28,0.21428571428571427,0.6000188309894444,4.981093697469498,7.9666476119800915,6.082336524373056,6.039130722646981,131.19729294439176,176.82427492290827,0.9677285191751309,0.9931290056662732,0.9769575448567858,0.0027776576695797695,-0.07287339261691694,-0.26656855836755394,-0.22982614929281464,-0.3006344780690102,0.1196162485181418,0.19032970824795095,0.5151888281367023,0.2664368099240822,0.7521174414901932,-0.2781847512001059,2
235,11,15,50,38,0.4473684210526316,0.7466780593513941,3.957814835508348,7.054232735980669,5.354759459758087,10.73753428377045,130.83129637375512,175.41197692288617,0.9195647200015542,0.9716361583420123,0.9144826613540245,0.019253199433624496,-0.24921447432495106,-0.5148646400474519,-0.5558347705646134,-0.2735401518129027,0.11604656121154902,0.17935368215276715,0.46682579515972306,0.23459189342524966,0.6766901405592648,-0.2540770975894054,2
236,11,16,39,31,0.4838709677419355,0.8575505526276146,3.0739766157717248,5.9837781380876685,4.394542124359918,17.84736357000081,130.48663144674268,172.5410303439251,0.8495474535619096,0.9268042603008553,0.7674828195595277,0.07629311387157899,-0.4015258270920295,-0.8061681788920235,-0.9860835302614245,-0.23253983504567063,0.1126849285797354,0.15704140487979615,0.3965188961218207,0.16816662979843858,0.4992139984334088,-0.17061407592081682,3
237,11,17,25,17,0.6470588235294118,0.8565263880086427,2.496882477385807,5.03217407125088,3.349254520000014,26.85991858999106,129.79810982942837,166.85948267331668,0.7702979408095088,0.8770794032162785,0.566086886573666,0.17486524004664014,-0.5009761415598782,-1.0651288417674716,-1.4544500955409518,-0.18056705260244732,0.10596954631982444,0.11288584033700669,0.31694156076999086,0.09449170446700904,0.2560642590198371,-0.026379506427956105,3
238,11,18,6,3,0.0,0.7597148611873724,2.2932081604770964,4.430550085305964,2.49807994414496,34.38482369701243,129.12472381293213,160.95802862488415,0.69625297221988,0.8465991688801472,0.39634362837296866,0.2540878970578071,-0.5360752242195087,-1.2288491868474865,-1.8358395914879697,-0.13717311435012425,0.09940178665108688,0.06702121854039592,0.24259029863691123,0.04933060958483829,0.05112949004608824,0.08954216708644948,3
239,11,19,77,40,0.3,0.4496336889694947,2.255251720628928,4.172221004172679,2.0358030783419245,37.10371784706572,129.20279647192893,157.89785006433294,0.6592421901864005,0.8336311161762923,0.30267247679046755,0.2836262005945174,-0.5426162365568339,-1.299148455652266,-2.0429739982687125,-0.12149404289553191,0.10016325547940962,0.04323827773328138,0.2054264182391424,0.03011647060751583,-0.06196175147095491,0.1327637618667064,3
240,12,0,108,83,0.5783132530120482,0.30410800460279835,4.940070208692917,9.285576799009453,6.993463042101078,151.47266273892006,26.58048354345229,38.999813099894055,0.04711908639750029,0.9338560378118395,0.8935732014354683,0.9519603550378876,-0.07994294780389224,0.09235253966247296,0.1784262741200609,0.5380383846947707,-0.9007465814536112,-0.8808074664137646,-0.4092287867587776,0.1786149088290235,0.6514456897151042,1.1106962949675607,1
241,12,1,53,43,0.5581395348837209,0.5590815052887902,4.736025514451666,9.09644272160386,6.8370236150195876,164.65775515817688,43.39103031878139,48.464656195101725,0.049104742369446785,0.9457966061873812,0.922073452386956,0.9293770244536341,-0.11510585738489106,0.040883354352981134,0.108329779307685,0.6140729762484287,-0.7367876805918029,-0.8072490780295896,-0.40723491694576525,0.19630667377440195,0.685854669525844,1.0776514871610425,1
242,12,2,39,32,0.5625,0.6769522100231679,4.57453117816084,8.814699646278928,6.69332032640593,175.00373031605,79.65918468391878,62.45007724795933,0.044783011768765923,0.9602780837870077,0.9559601853505402,0.8782485639665797,-0.14293608725660564,-0.03578758063917177,0.043940021477764823,0.6737352046454224,-0.38305220693539027,-0.6985578907405786,-0.4115745247662591,0.2177631815131076,0.7267668675405438,1.0028383348700374,1
243,12,3,36,33,0.6363636363636364,0.7323330164827638,4.853804129909603,8.764690045004073,6.766166473042413,164.75068031207388,121.83870041316493,82.01017785987699,0.03662214351888887,0.972096341641049,0.9845884928137947,0.8245261347589037,-0.09480913356502986,-0.04939672749719398,0.07658051137898389,0.6146088485727894,0.028338756742242063,-0.5465416910876238,-0.4197691511674529,0.23527372485088108,0.7613304527944258,0.9242295866411668,2
244,12,4,29,22,0.7727272727272727,0.768404228224115,5.614161610924119,9.12180413366558,7.012640345526602,129.85062593140626,144.02739217270607,107.4509505625337,0.02778528035172767,0.9820376051660628,0.9964975154784408,0.795464332131319,0.03622285162610579,0.04778497269178425,0.18701913191276,0.4133503897273351,0.24475250943438823,-0.3488223818047179,-0.42864256879852997,0.2500032161123579,0.7757084777855378,0.8817052265271138,2
245,12,5,20,13,0.6153846153846154,0.7745529032864797,6.357176724720254,9.714597754573596,7.230595145990158,81.42977067930516,145.7130009148587,136.0570894957542,0.017482103030880547,0.9917294595962431,0.9993270575975821,0.7697724831862507,0.16426623624280398,0.2091023045196712,0.28467908775028483,0.13412140636463737,0.26119281684021256,-0.1265026395063024,-0.4389883661211208,0.26436316993288084,0.7791246462191735,0.8441119137331258,2
246,12,6,1,1,0.0,0.7482973555107516,6.476200683318009,10.304195538042093,7.348165496761466,41.010159885533525,139.54709944219013,161.24811350492547,0.011722457660900965,0.9974492027026496,0.9996535824670518,0.6753566722441197,0.18477756935885647,0.3695499509283573,0.3373593464080798,-0.09896672830582647,0.20105471176890072,0.06927568552477321,-0.44477183677218285,0.27283783775470466,0.7795188668757009,0.7059590263705016,2
247,12,7,0,0,,0.7232776025876466,5.589881931972871,10.71866933293257,7.379709044491507,20.068431527315774,134.78665261906235,177.26108716019965,0.018364731938845358,0.9992410138368129,0.9993709401243684,0.44798874155411106,0.032038747948266756,0.4823409870429071,0.351493201095946,-0.21973158239355312,0.1546244772760766,0.19372450347893672,-0.43810208614082896,0.27549267799472726,0.779177626558919,0.3732654255313125,0
248,12,8,2,2,0.5,0.6311240594100249,4.243115842447388,10.904766107342553,7.360754060504793,13.33168081501821,132.49524892991684,183.17571824360425,0.05762190822303037,0.9996808472467478,0.9986593185859238,0.2039335327804846,-0.20004870920829437,0.5329836290194016,0.34299995894158,-0.2585804635785081,0.13227564857204213,0.23969153388882058,-0.3986825190844012,0.27614435796999803,0.7783184702240885,0.016154350262042427,2
249,12,9,79,61,0.6065573770491803,0.5761341634725957,3.6764858210579843,10.937117640525317,7.3090923250228315,10.323711151335175,130.8558697556499,183.06436140058298,0.20242691477884878,0.9998461759358268,0.9956275263634695,0.07273941711137191,-0.2976957481675019,0.5417874737800635,0.3198516603267857,-0.2759265494087373,0.11628623364694178,0.23882609641396774,-0.2532785138469409,0.27638931752417684,0.7746581207924164,-0.1758139832597976,2
250,12,10,0,0,,0.5938479104141484,4.544847734175717,10.83565201101574,7.195084323962554,6.038607800591926,130.7783366383242,180.95281322423008,0.5309492241827918,0.9999204103739512,0.9852448026358613,0.020713505964309264,-0.14805141878131284,0.514175562910224,0.26876759920498045,-0.3006374936083486,0.11553002714949645,0.2224156731997988,0.0766027570660233,0.27649930711502735,0.7621228300775427,-0.2519403202675196,0
251,12,11,43,32,0.28125,0.5589731084579673,5.705386288818469,10.527201956434624,7.012708660611801,2.570308114540495,131.79917503754876,179.61444083777033,0.8436745554936247,0.9998468800726859,0.9687537894061835,0.004121487419353198,0.051943550036240224,0.43023683946213037,0.18704974215024678,-0.3206381687366815,0.12548660644054166,0.2120141784454157,0.3906217042926776,0.2763903608098402,0.7422128671005671,-0.27621840723501745,2
252,12,12,16,10,0.8,0.5333140676958424,5.655565557624083,10.043878291457844,6.764558244303151,1.7912898403752138,131.91234857994903,179.36452915585548,0.9641782333467245,0.9989845156097594,0.9590357016239797,0.0007051922476869199,0.0433579709171078,0.2987096413052054,0.07585990532984418,-0.32513054045509915,0.12659042595733533,0.21007192748836145,0.511623856237826,0.27511263692806986,0.7304800059806409,-0.2812172632246987,2
253,12,13,13,10,0.6,0.5881756876571965,4.617866867760614,9.505499316807159,6.383482460895699,3.0175556099110423,131.26892088241613,178.93988193303747,0.9789824796067081,0.9934841332320901,0.9652168945782267,0.0004831569832216276,-0.13546807177748013,0.15220020422683547,-0.09489037912899564,-0.31805902256518936,0.12031485982129743,0.2067716757009733,0.5264893415682214,0.266962985330684,0.7379426961840011,-0.2815421538608762,2
254,12,14,15,13,0.6923076923076923,0.6623475784565824,3.4960456664094233,8.926111551997025,5.819806461366443,6.374020452223249,130.18087001481314,177.95058381525445,0.9467402450652254,0.9688727648471317,0.9767436297830587,0.003967828232973092,-0.3287909004638271,-0.005468982849988706,-0.3474591369797985,-0.29870326644043965,0.10970273478347678,0.1990830986750674,0.4941137341797432,0.23049750640568717,0.7518591771168156,-0.2764432473338989,2
255,12,15,27,22,0.8636363636363636,0.7852679140448141,2.7323204687984015,8.077791948117017,5.054192844733696,11.866435008426336,129.2382567614073,176.56338571039203,0.8895108395228304,0.8965948164089018,0.9669932855360488,0.026510809129217522,-0.4604032423979682,-0.2363227744707454,-0.6905109616238899,-0.2670301098067901,0.10050911157587217,0.18830214267433587,0.4366475941536007,0.12340675207253508,0.7400873720574777,-0.2434574807604857,2
256,12,16,15,8,0.625,0.8987831647917779,2.228649874296922,6.816696587397397,4.080691486488464,18.705662719999346,129.58705948236795,173.42983631261416,0.8358715336480285,0.772690170526396,0.8992937455080914,0.10543266424501022,-0.5472005180581896,-0.5795055139546829,-1.126711951240986,-0.22759027358444964,0.10391110149985507,0.1639489821090592,0.3827864045589785,-0.06017679283507393,0.6583522283921279,-0.12797595228063985,3
257,12,17,20,16,0.5625,0.9006867889531612,1.865208904977787,5.411278491631998,3.0412644672563016,26.478740045515373,129.9763056203937,167.3086309033821,0.7851527789770558,0.6611377695276945,0.758433061877599,0.24258290113529288,-0.6098320997796403,-0.961962897629336,-1.5924525386409707,-0.1827651983580203,0.10770754963496681,0.1163765078120909,0.3318578472858374,-0.2254586115468305,0.4882880269428554,0.07270760950620735,3
258,12,18,17,10,0.5,0.7818826249125467,1.6438677375871809,4.3190427925397,2.22185504371227,32.82953995584421,129.26832526779913,160.68839792428034,0.7271353218263413,0.6039469005571263,0.5989144165114038,0.35256656011249216,-0.6479757010354829,-1.2591937423790582,-1.9596088845712476,-0.1461419831490307,0.10080237980351776,0.06492571631222328,0.2736003958063903,-0.31019556702725387,0.29569765792522856,0.23363997770584358,3
259,12,19,52,40,0.7,0.45225283433240426,1.5299269287819537,3.7598859704695125,1.785007966716452,35.123645359609725,128.77193787543473,156.91284028753716,0.689686048067131,0.5864836805530474,0.4826535835268419,0.390313390654097,-0.6676110577523158,-1.411357469228136,-2.1553488552276727,-0.13291254479472733,0.09596094708027253,0.035583028618751386,0.23599620982319147,-0.33606997884624534,0.15533339721205172,0.28887260851284535,3
260,13,0,54,42,0.2857142857142857,0.3437405325659164,5.956373195775038,9.313898822701532,7.0566150808433035,144.86361531092214,32.478688240337945,41.72453442763714,0.036051663143489454,0.9433775080245885,0.6759472414952061,0.9920581233697053,0.09519598523503889,0.10005983126081024,0.20672308291481198,0.4999259311929167,-0.8432194128204901,-0.8596316151451627,-0.4203419913852424,0.19272241256254957,0.38870108179485435,1.1693689094011064,1
261,13,1,35,30,0.36666666666666664,0.6160809850731905,5.510507926878202,9.031427946202145,6.858501872157821,156.6827178628502,50.65332172955702,54.08626634655542,0.03955424605260416,0.9504714044701387,0.7518567438946246,0.9869945542864883,0.01836026944332877,0.023190839239325106,0.11795363544265298,0.5680832566398094,-0.6659561167311674,-0.7635593328636683,-0.41682491973299096,0.20323309718947258,0.4803482936018984,1.1619596981447915,1
262,13,2,43,35,0.5428571428571428,0.6866449560880836,4.829170040902994,8.588810148098307,6.596151433655517,163.73876342341498,90.21378787857985,78.3533064402063,0.03630486824532725,0.9598421888129847,0.8647908730008471,0.9760131276840006,-0.09905431253217084,-0.09725904363943301,0.00040113288892081457,0.6087734183104231,-0.2801096220238248,-0.574961979248061,-0.42008773887816775,0.2171173369285999,0.6166961515549404,1.1458912475605534,1
263,13,3,41,29,0.5517241379310345,0.6488964858278197,4.646642680372699,8.431410090732797,6.587869956140363,150.29774258128901,131.53233704750411,110.90514985168356,0.026587722455822804,0.9685452175918435,0.955643948137769,0.9668567954978541,-0.13050915186652112,-0.14009242846038839,-0.0033095847767570783,0.5312629620088316,0.12288404602768789,-0.32197721064744034,-0.42984508049829767,0.230012195416561,0.7263850673982162,1.132493346122808,2
264,13,4,42,40,0.275,0.6181253959067795,5.28973353326039,8.817044806204787,6.877835377743317,116.01297168991553,148.5444458018382,142.35894052815286,0.020099721227725742,0.9786188914949736,0.9903818837021685,0.96388254854471,-0.019685660000954557,-0.0351493906711862,0.12661648341685824,0.3335526640188799,0.28880884847347627,-0.07752623270087891,-0.4363599199157264,0.24493787275664708,0.7683249410343047,1.128141312282224,2
265,13,5,25,17,0.29411764705882354,0.5811036953392543,6.025247555874698,9.512614462327726,7.185761698664341,70.55873584011047,144.88819061137323,166.56659738639826,0.0184806510498553,0.9905197371788189,0.9983402233904854,0.9577874985387226,0.10706506571095684,0.15413645362369455,0.26459036992176715,0.07143131156055844,0.2531481653136221,0.11060960929224009,-0.43798568752019207,0.26257078250331223,0.7779332195764281,1.119222798014917,2
266,13,6,103,86,0.4883720930232558,0.5692667608104982,6.003607339096768,10.18486780612332,7.338095749927241,35.7008355946465,134.36520552934147,179.7849402357272,0.02462469586539645,0.9974003267265719,0.9994636250095059,0.9145992244139012,0.10333581909317485,0.3370772139634686,0.33284735112725156,-0.12958405665264314,0.15051396245906576,0.21333925703446588,-0.43181622732135727,0.27276542057546777,0.7792895270592648,1.0560280352838147,2
267,13,7,3,3,0.3333333333333333,0.6575375809439924,4.829247141995159,10.728656189527467,7.349158878935689,18.56563107564228,126.2448564779644,184.62728476366178,0.04496857818014649,0.9992572266040041,0.9987546879962883,0.7504740846005141,-0.09904102574349706,0.4850587171304348,0.3378044554814203,-0.2283977953328544,0.07131347464197968,0.2509727450799412,-0.41138819074305066,0.27551669967085185,0.7784336118107846,0.8158737462112856,2
268,13,8,0,0,,0.6887036573226409,3.069046743131862,11.07413088319582,7.296133480642365,12.424460728455117,123.59127109497547,184.1230900326553,0.09175801884086804,0.9993777289786012,0.9954994496893868,0.45004088248301566,-0.4023753893240981,0.5790729808319726,0.31404513453698873,-0.2638121378465135,0.045432166404204666,0.2470542699957206,-0.3644052014341356,0.27569524223429454,0.7745034910068667,0.3762681979671386,0
269,13,9,122,108,0.7129629629629629,0.6510817289593286,2.2424065465148777,11.153245805652901,7.245729408956867,9.695346595389111,124.47907208073381,182.05257704102425,0.21943865681121147,0.9993759380777814,0.9812524736629904,0.20146742391139913,-0.5448298383248392,0.6006025785678539,0.29146036281198967,-0.2795501449694613,0.05409118718171997,0.23096276195265603,-0.2361964012431996,0.2756925887428234,0.7573028035009632,0.012545843832716182,2
270,13,10,0,0,,0.6526959309927899,2.7031916529288296,11.069747267250005,7.164247076387408,6.060811595379143,127.36237043204136,180.42746293611074,0.509698310405279,0.9994688328228954,0.9274303356103604,0.07228756227102552,-0.4654229951655276,0.5778800644388201,0.25495021950086516,-0.3005094507843847,0.08221296304393289,0.21833278242786547,0.055263937009306714,0.2758302264116119,0.6923221524612176,-0.17647515483942733,0
271,13,11,71,56,0.4642857142857143,0.6295369758420789,3.3699267903211267,10.830496804338305,6.985304708457319,2.584336631039122,130.4900519126542,179.78547013708757,0.8243781130552728,0.9991102619142115,0.8296656622102605,0.018431429627041723,-0.3505248967965453,0.5127726730057214,0.17477073406467894,-0.32055727036387077,0.1127182895309752,0.2133433752950307,0.37124544041820356,0.2752989491697612,0.5742887120205112,-0.2552795431373912,2
272,13,12,12,7,0.5714285714285714,0.600754840254855,3.1562948387374594,10.495011751752827,6.70664246508183,1.4938939299876637,131.5736555542814,179.82067233958534,0.9590113493541917,0.995129492115204,0.7797086720458868,0.0035176559194693424,-0.38733997314578444,0.42147689713632264,0.04990933012333154,-0.3268455361378765,0.12328703928227966,0.21361695799019662,0.5064355989739311,0.2694008343254159,0.5139745390366576,-0.2771019569748019,2
273,13,13,79,59,0.6949152542372882,0.6258195336023601,2.439160330389039,10.15099898534736,6.295959807573116,2.544278122044851,131.15869754601744,179.68099080990007,0.9732651586031652,0.973978816896505,0.8347034560344798,0.0008914944391808788,-0.5109233673047864,0.3278604686965988,-0.13410703524341663,-0.32078827612953226,0.11923981465311911,0.2125313881495422,0.5207483703620708,0.23806289775183248,0.5803709513061684,-0.2809446586109159,2
274,13,14,85,65,0.8,0.6856874371284779,1.821263311760163,9.74488767938315,5.720919757224213,5.7196892194710145,129.87172681804634,179.08655988424152,0.9361279830268223,0.8994214814779696,0.9222862923405899,0.003202014151025223,-0.6174052196127275,0.21734512238950562,-0.3917677327937422,-0.302476604270856,0.10668755750053585,0.20791161997617488,0.48345757358340047,0.12759488553556977,0.6861116358830869,-0.27756381628891114,2
275,13,15,32,20,0.95,0.8002688556894684,1.538134332670356,8.996937949688048,5.005073641571011,10.536125120897132,129.00040227139345,177.9673544166819,0.8817334674244848,0.731096356613828,0.9658433913966169,0.02070169014306711,-0.6661966803684991,0.013805052995733305,-0.7125200167189822,-0.2747016198517517,0.09818923695972019,0.19921343558618443,0.42883805026959415,-0.12180434319777418,0.7386990795720694,-0.25195760963679875,2
276,13,16,0,0,,0.9221120307949829,1.5453775577947768,7.676837569753367,4.202634507757703,15.58160054198369,129.98476893298704,175.36229136003638,0.8478381324897368,0.5138237554453529,0.9381450099440221,0.08366027516612819,-0.6649484593791128,-0.34543476255735384,-1.0720724110862392,-0.24560583116573204,0.10779009516123647,0.1789675384108766,0.394802504292268,-0.443726689609464,0.7052582144437306,-0.1598341589307275,0
277,13,17,18,7,0.2857142857142857,0.9709756767155586,1.5913782563076815,5.991232463608428,3.4010136864524805,20.681677989088826,130.855456357879,170.58171342799892,0.8277082779608769,0.37081261094710444,0.8185837127077301,0.2002226396136384,-0.6570211843843531,-0.8041396282106859,-1.4312581406072489,-0.21619516848305675,0.11628220163983097,0.14181408486829428,0.3745893808446653,-0.6556194130928025,0.5609092306487409,0.01072442702589867,3
278,13,18,25,10,0.7,0.9067803226556154,1.5253210688135725,4.540421479138823,2.74282561686512,24.330296916556023,129.9228942537323,165.52175509923316,0.8004005772690876,0.31662368527476753,0.6441731931252468,0.3025183022985639,-0.6684047830594755,-1.198949809606924,-1.7261753329424336,-0.19515464475644717,0.10718661066204854,0.10248935690280392,0.3471687194403835,-0.7359085338017712,0.3503395743566074,0.16040741998623564,3
279,13,19,88,38,0.2631578947368421,0.5391149819875629,1.4396634401042512,3.7711909960451537,2.3915975535405023,25.359936349116502,128.99049711432116,162.53198446510976,0.7792812168423058,0.3030217729086022,0.5043376729156106,0.3420730368745681,-0.6831661149550622,-1.408281024918032,-1.8835516195864024,-0.1892170137400778,0.09809262864066079,0.07925360885371012,0.32596199691643624,-0.756061832105623,0.18151307525286822,0.2182854463041639,3
280,14,0,107,82,0.14634146341463414,0.40875705457822253,6.598672027631551,9.29157440943315,7.074207376935355,148.09223917736506,48.18821944142695,52.78266801904577,0.018873081079041232,0.9510218100909437,0.3521665683719182,0.9989916547328788,0.20588298855328438,0.09398467347223276,0.2146057395747083,0.5185444656073471,-0.6899990861286232,-0.7736905723472334,-0.4375916341695775,0.2040486066829606,-0.00220644612729632,1.1795143222073243,2
281,14,1,5,3,0.0,0.7310431523275626,6.00650543202003,8.902046543966595,6.841692718676467,153.88454588750878,66.2462880164313,69.07201424018739,0.02226037103090639,0.9558901519323222,0.46201771993983104,0.9982126434406228,0.1038352458476756,-0.012017809876735716,0.11042188490004555,0.5519470130340198,-0.5138726867428477,-0.6470938560777663,-0.4341903323940623,0.21126179426520691,0.13041926523646735,1.1783744425808151,2
282,14,2,7,6,0.3333333333333333,0.7791217956898637,4.920719099861661,8.245570057437558,6.4751538639547945,152.74112815050887,104.91091252646402,103.76269753236275,0.022599901916788012,0.9644679215861663,0.6886413856591909,0.9966036998126342,-0.08327771371219371,-0.19066520330245357,-0.05381477466754606,0.5453532556416922,-0.1367636360007792,-0.3774865599768625,-0.43384939700872405,0.2239710623417799,0.4040270012401486,1.1760201736761446,2
283,14,3,46,35,0.5142857142857142,0.6524783543726539,4.352988015198549,7.939697913150967,6.394677650912574,134.002016968619,139.99525549859334,142.68558498326558,0.018925716746363563,0.973382301464475,0.8934976406622452,0.9957400233298191,-0.18111449829786966,-0.2739023982662025,-0.08987410162413997,0.4372902539207011,0.20542572809600018,-0.07498763386188863,-0.4375387807701748,0.23717906957231447,0.6513544635317018,1.1747564086493185,2
284,14,4,26,20,0.45,0.5505305944745165,4.832736452363317,8.294079163296693,6.709798334642304,100.73020605420066,150.3763328773379,169.41786400833678,0.024309053489210197,0.9827911918981658,0.9752036777063757,0.9956085167758599,-0.09843971481290988,-0.17746438728394473,0.05132339432953092,0.24542140137981563,0.30667585752535753,0.132768938871574,-0.4321331753800728,0.25111976927055013,0.7499999591047957,1.1745639831439365,2
285,14,5,44,38,0.4473684210526316,0.5102171867483566,5.5367433388559695,9.03530806211311,7.095314782344044,60.7491877237662,143.6556195899153,183.57315234274787,0.04542738035628863,0.9927024084688879,0.9954109178532398,0.9931524620743211,0.022881403514591347,0.024246737825043475,0.22406342656151984,0.014862501829437007,0.24112648674401452,0.2427802920993739,-0.41092749069123985,0.26580474140731414,0.7743966045739097,1.1709701883636736,2
286,14,6,55,48,0.5,0.4892564515858399,5.512383294381363,9.83776442065837,7.2853252593884825,30.67537598887595,131.44756129983676,188.07905975478687,0.08330744737155776,0.9976597742544876,0.9988748876169169,0.9753735180995472,0.018683450490451677,0.24261973325397113,0.3092022478095966,-0.15856441995567927,0.1220571997273835,0.2777990752005664,-0.372890729437682,0.2731498314791351,0.7785787314564503,1.1449553459356527,2
287,14,7,58,50,0.62,0.5905900385040118,4.374374591540072,10.539187301959739,7.260827239779756,16.134588614760155,123.01924120384756,187.74463400524044,0.14235859084295088,0.997890129431142,0.9977094764521268,0.8958114213358024,-0.17742896139655262,0.4334984197034717,0.29822531356448384,-0.24241690985136985,0.039852967020453704,0.2752000020914453,-0.313595315702918,0.2734911376474134,0.7771717049250445,1.0285369909710076,2
288,14,8,45,38,0.6842105263157895,0.6955999743667373,2.647193053530576,11.036226754947222,7.132865804158698,11.023963518996858,121.39551371522373,184.63168817397735,0.223896962497896,0.9961071084887054,0.9886927823328675,0.697653233120437,-0.47507320290371674,0.5687581045939996,0.24088907630299541,-0.2718883977548379,0.0240162082349172,0.25100696728129734,-0.2317196533818127,0.2708493214110198,0.7662856518009047,0.7385842215849742,2
289,14,9,0,0,,0.7319798658322245,1.5771797556548504,11.219567538412935,7.039062417864818,8.56053820899028,123.457155703977,181.58717464223312,0.3580184282200791,0.9947538793929951,0.9434871154003432,0.4383068288752331,-0.6594680041681156,0.6186507568776392,0.19885818483656817,-0.2860942547419102,0.04412409401425521,0.22734577115198035,-0.09704338238695064,0.2688443070494259,0.7117078558558813,0.3590984742714265,0
290,14,10,45,34,0.8235294117647058,0.742121258732718,1.4345359735021463,11.16290735488641,6.963294900319889,5.100213183297477,126.8930196344999,180.13225575123315,0.6155582081529747,0.9954103963804446,0.7804932386418006,0.2041369787136956,-0.6840497284456254,0.6032317825415511,0.1649087035605457,-0.30604894232431873,0.07763522729791601,0.2160385061740921,0.16156173356104114,0.26981703664313555,0.5149217635437308,0.01645204026560033,2
291,14,11,0,0,,0.6420725789111054,1.4293634808471505,10.962151540899606,6.815248758083607,1.9347298917361329,130.05459626993095,179.9589817115938,0.8722096223622944,0.9960111780401272,0.5317482173799923,0.05717561956047926,-0.684941101251041,0.5485999661402878,0.09857302441073634,-0.3243033634152375,0.1084711445981433,0.21469186376528776,0.4192748089822863,0.2707071858866482,0.21460642845462538,-0.19858753727079942,0
292,14,12,0,0,,0.5306524584571245,1.2053093778026938,10.772820744828174,6.621451761676964,1.02877364765898,131.13459266292693,180.12598864865822,0.9666745952714153,0.9867198818076008,0.437539361045462,0.011053698728938355,-0.7235522212113036,0.49707724764627,0.011737560955631478,-0.3295277494713631,0.1190047116436964,0.21598979982358915,0.5141305445838013,0.25694071985137645,0.10086600416413204,-0.26607492598256044,0
293,14,13,6,6,0.8333333333333334,0.6177226308080522,1.0264960743418357,10.590997986006574,6.319253159086012,1.9099128613897633,131.11256651526855,179.97052397246784,0.9725268245104148,0.9323704115013829,0.5701540128331626,0.0021628722375985066,-0.7543670191400346,0.44759769644300684,-0.12366988187391478,-0.3244464760083055,0.11878988323813941,0.21478156732399067,0.5200069820852236,0.17641372789235182,0.2609745900056576,-0.2790843291594452,2
294,14,14,18,8,1.0,0.7229866106398454,0.9451978058479842,10.261416858133925,5.824763800019673,4.704135894988973,130.6321154129087,179.435481627896,0.9364130996410039,0.7577264591352173,0.8018779625944359,0.0018276336300735718,-0.7683771048948796,0.35790855962705703,-0.3452378806784165,-0.30833300480053116,0.11410388249624952,0.21062335231840618,0.4837438696076044,-0.0823478031519261,0.5407400111092335,-0.27957486333081805,2
295,14,15,0,0,,0.801240296951293,1.1038377962060002,9.530251450352058,5.292417910386071,8.537664512534661,130.9024831803817,178.70083712051178,0.8866348814264509,0.48191440950400055,0.9369063157880555,0.009677409041873808,-0.7410387628829376,0.15893601918785755,-0.5837684198605458,-0.28622616069387646,0.11674087001222898,0.20491387932927316,0.4337597394028916,-0.49100523031205917,0.7037627117452847,-0.2680887665905907,0
296,14,16,41,27,0.37037037037037035,0.8896971591354957,1.5465508465851934,8.252137343867783,4.850015853611713,12.005787992185745,132.39900554557755,177.37515987685143,0.8574338672666807,0.25121196874690865,0.9335823595357533,0.038313445302005644,-0.664746267169199,-0.18887804317301282,-0.7819974344779057,-0.26622650169658413,0.1313369545650958,0.19461104804297266,0.40443793267247524,-0.832825923082422,0.6997496262544961,-0.22618740438778334,4
297,14,17,33,21,0.3333333333333333,0.9828308953046022,1.965898579046808,6.569570318480939,4.445689300444414,14.923968435034944,132.7803700609691,174.62707154565155,0.848927062529066,0.14049875154299407,0.7940891556180183,0.09807040718425282,-0.592480303800848,-0.6467561538403132,-0.9631657925148718,-0.24939820417719383,0.13505653059120468,0.17325359427992282,0.3958959387867502,-0.996864363591701,0.5313364131389038,-0.1387486932050694,4
298,14,18,16,9,0.4444444444444444,0.9928553503774983,2.1238669961013854,5.057649058661129,4.071875926941403,16.022992494357332,130.7248058802008,171.20340902514522,0.8519513916376892,0.10744436197342977,0.552195997256248,0.1582639877203198,-0.5652576936457604,-1.0581963160917136,-1.1306619773666688,-0.24306045220693265,0.11500792371160615,0.1466457472351828,0.39893277829948165,-1.04583946027768,0.2392934828294855,-0.05067110462354187,3
299,14,19,70,40,0.2,0.6239198935371276,2.138823273581693,4.285962357892203,3.8817672384384347,15.723143382489667,128.88293650517122,169.06364355155625,0.8556859366389282,0.10019920920629966,0.36475994464287237,0.1833841146016572,-0.5626802865994072,-1.2681959435917953,-1.2158448046503194,-0.24478959478884485,0.0970435539444032,0.13001602625893133,0.40268277157551097,-1.056574254109771,0.01299781402444437,-0.013914357793296339,3
300,15,0,100,67,0.1044776119402985,0.4162889743100895,6.8356305354753495,9.230620142557385,7.0903327302201475,146.68191280568612,75.52991199087755,80.39566900077115,0.010327137285577992,0.9595503928981691,0.12641447493652508,0.9999051785095334,0.24671791747286909,0.07739714730948191,0.22183109678780003,0.510411523780459,-0.42332638844525755,-0.5590892492999655,-0.44617292901330774,0.21668499697839175,-0.2747619137431076,1.1808510257335654,2
301,15,1,29,23,0.43478260869565216,0.7466754076435985,6.200007599843221,8.779042405647287,6.858543038541414,144.79096981962573,91.49048500424963,98.86164215648944,0.013600872577461509,0.9644191567881001,0.21455394211192486,0.9998364015963697,0.137181367667679,-0.04549100981951701,0.11797208104327789,0.49950700578205864,-0.267657566760194,-0.41557633401795335,-0.4428856516266409,0.22389880988964675,-0.1683491964751079,1.1807503886787896,2
302,15,2,14,13,0.6153846153846154,0.7970285309060459,5.024299327038006,7.993859274436235,6.478615471763992,135.40460131630385,121.12360552551553,133.27688781790238,0.020401701320532595,0.9728877830260811,0.4697035506595266,0.9996729131485661,-0.06542779031122149,-0.2591634301286533,-0.052263716993872424,0.4453785497478898,0.02136419646422879,-0.14810967015103743,-0.4360566906556306,0.23644636542473474,0.13969853770718804,1.1805111660222334,2
303,15,3,35,24,0.5833333333333334,0.6549979253224766,4.213640561744482,7.49803725908539,6.33880068733723,113.87257805178507,145.26814405275832,166.92026410907553,0.03348330799583876,0.9815265625080343,0.7769462343319289,0.9995748820758379,-0.20512816806942716,-0.39409181288588824,-0.11491113583259542,0.32120963669192615,0.2568539786616798,0.11335821842221361,-0.42292097076049423,0.24924602882457172,0.5106393872273,1.180367723143191,2
304,15,4,58,49,0.7551020408163265,0.5418215817929077,4.418749873755416,7.701970562828327,6.596979562328076,82.94702819593724,149.74900482483162,184.67837749686782,0.07282073866719169,0.9890947921442539,0.9355681798057889,0.9994893281568554,-0.16978179349556047,-0.33859530403300114,0.0007721961066974399,0.14287098899102443,0.3005573166269939,0.2513698249971648,-0.38342081733754746,0.2604595100899114,0.7021471507428145,1.180242537320873,2
305,15,5,75,61,0.5901639344262295,0.5354238602347302,4.9907990535830145,8.374451067678777,6.9666087063831865,49.575285438286016,141.9449758612406,190.16159589591933,0.15881639876068687,0.9946966737669393,0.9850182819430058,0.9985281404883485,-0.07120087395261143,-0.15559272620064238,0.16639353506279983,-0.049574141412905726,0.2244420047180482,0.2939840241482216,-0.2970694286111264,0.26875954822908305,0.761849346662942,1.1788360901339396,2
306,15,6,10,7,0.7142857142857143,0.5438620487979539,5.025089020710166,9.284187812749506,7.1528866417403965,24.455877235467533,130.95623476528021,189.21410457971234,0.2786470122336254,0.9942582866422383,0.9958390462260887,0.9917793576216585,-0.06529170283639583,0.0919745538854717,0.2498599001155496,-0.19443045959702657,0.11726512724772102,0.28662035910622247,-0.17674312523631303,0.26811001114497107,0.7749134933747428,1.1689610085145263,2
307,15,7,3,3,1.0,0.5986847354820175,4.0263350950861785,10.18218555867156,7.072804995123847,12.099462000899905,124.93017052656185,186.3295274374289,0.4003132280822641,0.9869977782261483,0.9937519650205275,0.9621543348222743,-0.23740641579659194,0.3363472921374588,0.2139773682541963,-0.2656863109443849,0.05849090161974049,0.2642021485113069,-0.0545736263546695,0.25735246558754876,0.7723937143318226,1.12561252273573,2
308,15,8,27,19,0.8421052631578947,0.6564072779351349,2.5054832767943696,10.825519823364067,6.840595165566064,7.88885174580907,125.00355884720804,183.01102631022889,0.5122607219062941,0.9762051280572157,0.9757965340272374,0.8827877601173375,-0.49949397054312045,0.5114182837832251,0.10993009950204885,-0.28996767513640925,0.05920668252502926,0.23841158945898644,0.05783694815150432,0.24136151574988737,0.7507157275803057,1.0094802632533761,2
309,15,9,7,6,0.8333333333333334,0.7440630300196168,1.4006511601310034,11.116762233600234,6.644673726429227,5.929385896142932,126.6418389651713,180.71387414914255,0.6299549881223379,0.9676842851937115,0.8949262744219757,0.7228527627373983,-0.6898890796386036,0.5906742792550655,0.02214272774866959,-0.3012673445513244,0.0751853779853826,0.2205586985929673,0.17601806708056558,0.22873659335620938,0.6530792844913199,0.7754571535867654,2
310,15,10,0,0,,0.8127860497748562,0.8838127601155321,11.121292970008119,6.580256102756042,3.4037510822424863,128.29218079473677,179.9754643779182,0.7884060200741221,0.9704171511821099,0.6320953917209198,0.42349447659683903,-0.7789555559579768,0.5919072316397684,-0.0067211571930776365,-0.31583194564643324,0.09128171536442203,0.21481996291694846,0.3351245457016425,0.23278574924002796,0.3357577790809443,0.33742446421450145,0
311,15,11,4,4,1.0,0.634527339989453,0.626294969950191,10.955442702133684,6.574399195615578,1.2596172523211067,129.86682835511374,180.29090371999197,0.9251711087970387,0.9808692795708511,0.30033571088920186,0.13003927221787204,-0.8233334546568584,0.5467742852773184,-0.009345487060856387,-0.3281965415711724,0.10663978114863744,0.21727147842571146,0.47245537527695225,0.24827216436003993,-0.06478298033858632,-0.09197060629325408,2
312,15,12,239,129,0.7906976744186046,0.4828111546623257,0.4985148033314948,10.84713915614536,6.52553464412517,0.7452692624270938,130.39765993115736,180.53547354122196,0.9684677240442788,0.9680852380511481,0.19873877010776328,0.026418682444301622,-0.8453537402700965,0.5173015675385995,-0.031240439273077163,-0.3311626367705446,0.11181715954769035,0.21917221378034116,0.5159310907919905,0.22933066588984807,-0.18744320147600657,-0.24359228410959935,2
313,15,13,0,0,,0.6134778146704122,0.5116868176060327,10.775456789165052,6.376551366639053,1.6205094484143032,130.78958058067667,180.22043570885768,0.9674038698992558,0.8643040253717741,0.3433980622025138,0.005557643449521615,-0.843083814317562,0.49779459618715644,-0.09799602469206717,-0.32611538128406115,0.11563969309041451,0.21672381870441065,0.514862835920463,0.07556304254700111,-0.012792856480908813,-0.27411696786494605,0
314,15,14,0,0,,0.7705868592397589,0.7050260216271171,10.50810252599166,6.085706300886951,4.4234145017938005,131.69314126255605,179.51180096555825,0.9313596642166745,0.5608842173452382,0.6748678460183614,0.0013948014839779976,-0.8097657759596633,0.4250392984464702,-0.22831623886721542,-0.3099518433943961,0.12445242346991112,0.21121648708297763,0.47866953020192143,-0.3739994702704655,0.38739790389534123,-0.28020820016423376,0
315,15,15,36,16,0.75,0.7540250730123187,1.1893022341852593,9.781247461113246,5.859748217068599,8.202996461376152,133.31238041999873,179.22256175192496,0.8770529980932582,0.24454128193948343,0.8921170030591823,0.002939973833276238,-0.7263107234392734,0.22723973455749608,-0.329562260702471,-0.28815609396751296,0.140245406056077,0.20896859240597618,0.4241382197641544,-0.8427095583759427,0.6496875893876597,-0.2779472438752571,4
316,15,16,26,13,0.46153846153846156,0.7741809086463938,1.9437541408562455,8.558869890796515,5.759569381966913,11.367567047100835,134.9868274474746,179.14813264343223,0.8342513213888869,0.0900464069476341,0.9028537815067663,0.010867832101611768,-0.5962964426164749,-0.10540670625221078,-0.3744498272579104,-0.2699069361855868,0.15657684951508336,0.2083901480287664,0.3811594901489219,-1.0716171721223793,0.6626503381530708,-0.2663468932619101,4
317,15,17,38,28,0.35714285714285715,0.8659936375893063,2.7164486948096562,7.012752967050484,5.6644098731759085,12.794652225917147,134.61315204889527,177.7413557128763,0.8248778124138767,0.035684266871865766,0.7333703012036292,0.02889511919318677,-0.4631384164525135,-0.5261525578195849,-0.4170883624325645,-0.261677351194199,0.15293226802413012,0.19745703030174078,0.37174720682727863,-1.152162936268602,0.4580292047486243,-0.2399686655247938,4
318,15,18,11,6,0.16666666666666666,0.8694593035791914,3.1785599309645267,5.727811507926635,5.521683804862236,11.649626783409005,131.48531857446332,174.91828301316988,0.8567856041512489,0.021008469295290877,0.42456402806452587,0.047509303254338525,-0.3835030420866151,-0.8758245523045853,-0.4810402529104597,-0.26828037975640306,0.12242545909039212,0.17551681681981737,0.40378698795948864,-1.173907358556116,0.08520059927564096,-0.2127316673113947,4
319,15,19,120,72,0.1111111111111111,0.5367764184098335,3.328169111074171,5.144683961366862,5.430542181429729,10.209633964703542,128.9823981233129,172.90534148032341,0.8864779114007084,0.018118710820865025,0.206149652490531,0.05520599201777815,-0.35772097462220537,-1.0345114487362206,-0.5218784767093766,-0.27658439935133294,0.09801363646500134,0.1598727397254249,0.43360212005679266,-1.1781889744784517,-0.17849588017969673,-0.20146957291014683,4
320,16,0,39,28,0.17857142857142858,0.38507164391012705,6.92379434406268,9.239000141781466,7.122981147679493,117.12965729819683,107.99864121147692,123.13102431237157,0.021920462481528236,0.9688550474739717,0.034600400009966004,0.9999937211319162,0.26191113796409826,0.07967760220620938,0.23646001526293048,0.3399922650030573,-0.10664798252916388,-0.2269607784816704,-0.4345316470051354,0.2304712554273805,-0.3856110657687258,1.1809805847429597,2
321,16,1,46,34,0.11764705882352941,0.6730622504099477,6.2879238789131895,8.789744209114783,6.924059167037818,111.28675068601197,117.81451969692318,136.81818096919204,0.03738109101639836,0.9733394692230392,0.0842944366275265,0.9999904442951261,0.1523319315337508,-0.04257872075257566,0.14732817782112484,0.30629792266422046,-0.010910427470647072,-0.12058762732534294,-0.4190070642166796,0.2371156071035497,-0.32561436238536307,1.180975789947899,2
322,16,2,26,18,0.05555555555555555,0.7461331084630441,5.250393649964567,8.00724736768819,6.607702547822236,100.55402990686952,133.49339809054953,159.10583599162348,0.0694785780351872,0.9809564921418705,0.26601377168346624,0.9999788421791,-0.02646508038432652,-0.2555201191929514,0.005576890876341985,0.24440544479962079,0.14201093210925883,0.052626441605458665,-0.38677680311178997,0.2484013830252014,-0.10622061242139964,1.1809588132804052,2
323,16,3,5,3,0.6666666666666666,0.6907981834772418,4.364529851009733,7.3128313119150485,6.427958084948625,83.47769376332506,145.4422463926388,179.8308762460803,0.12226966053993227,0.9885787843380807,0.5845166560355869,0.9999630440495451,-0.17912550010050646,-0.4444920334388891,-0.07496199273137033,0.1459311829119251,0.2585520571754711,0.21369626019409396,-0.3337673456380095,0.25969496618130683,0.2783149250371735,1.1809356968426903,2
324,16,4,57,46,0.6521739130434783,0.6034251271965588,4.272844832851556,7.257571723539812,6.569783775730179,59.03592508348866,145.37293385569572,188.98843260426003,0.22978044156982355,0.9926493294918552,0.8397026802622917,0.9999272114516684,-0.19492552869432242,-0.45952986286246805,-0.01141353833213363,0.004982614686030339,0.2578760287556337,0.2848664930726534,-0.22581183677977223,0.2657260968440346,0.5864066246697801,1.1808832651915824,2
325,16,5,6,6,0.5,0.5726928392270473,4.667318059330871,7.779330455703976,6.835515320656375,33.510457452526744,137.9315993973225,188.95703154812338,0.412144756480974,0.989208985095747,0.9528317333730336,0.9996591320389592,-0.1269461752178878,-0.3175433036925197,0.10765395128927004,-0.1422153300702566,0.18529819800175618,0.2846224519343337,-0.04269315579517942,0.26062870428508655,0.7229898186606541,1.1804910009665688,2
326,16,6,32,26,0.15384615384615385,0.5854588880113265,4.746343817596379,8.654366958243518,6.969814509741238,15.82761637719014,130.94400390778753,185.78956714374007,0.5977468587077783,0.9694800369872528,0.9822257081708916,0.9979353946593945,-0.11332770989688093,-0.0794190242418329,0.16782997332295832,-0.24418712942661228,0.11714583559243455,0.2600057124377595,0.1436767058978764,0.23139727228139761,0.7584778109277572,1.1779687613790943,2
327,16,7,71,51,0.4117647058823529,0.6277105498213769,3.9222800078378857,9.658125691273167,6.865463165839402,7.651430689752516,128.49988682758067,182.82197586713818,0.7159732004442083,0.9297380974718764,0.9758920507994844,0.9904942925124555,-0.2553381715717684,0.19373452346884487,0.12107281259346271,-0.2913368132849696,0.09330754196617372,0.23694233679656154,0.2623921013246439,0.17251355500210308,0.7508310470802438,1.1670806512574756,2
328,16,8,72,56,0.9107142857142857,0.6568538799951805,2.558280705778807,10.467810965919586,6.577333944984877,4.87912584792781,129.09442620318598,180.48629601553154,0.7831033673328217,0.8871104498692777,0.9431414918336078,0.9678666233570763,-0.4903954187361622,0.4140747287602209,-0.00803050114088382,-0.3073238886582532,0.09910628390158602,0.218790018375925,0.32979995806957574,0.10935422306407157,0.7112905769220867,1.133970965528908,2
329,16,9,113,83,0.8072289156626506,0.7626021113797118,1.5125935765498202,10.877896957590838,6.270942074498395,3.618801837861234,129.53277700578602,179.19568377171356,0.8358806362010553,0.859151017493757,0.8433387807925681,0.8934477002706757,-0.6705981047791475,0.5256717089960533,-0.1453168397626832,-0.3145918105114761,0.10338166629971667,0.2087597034801393,0.38279554476551886,0.0679280790115718,0.5907965688126955,1.0250783023593377,2
330,16,10,11,7,0.7142857142857143,0.9151745466445528,0.9095273449839363,10.973029288751597,6.120045569932902,2.2495942866548475,129.33550741666687,179.3110394872404,0.8917264308117008,0.8551589308724115,0.5727891914956696,0.6417073958490651,-0.7745241757351148,0.5515601350724229,-0.21292969316421703,-0.32248763206492337,0.10145762983393669,0.2096562191898774,0.4388723504312561,0.06201319657673702,0.264156099163252,0.6567220961863287,2
331,16,11,0,0,,0.8348881733732134,0.5257779145442143,10.879310233173758,6.21593987130966,1.0666278900561892,129.38566874036886,180.36955205845092,0.942102242958972,0.8809933950551244,0.2349876751371216,0.2576162367288786,-0.840655503356687,0.5260563046430594,-0.1699619162783373,-0.32930945506979775,0.10194687004782539,0.21788271360076295,0.4894565465686985,0.10029087762469793,-0.14367910117247892,0.09470497094621179,0
332,16,12,40,28,0.32142857142857145,0.6746775104970084,0.3651494794269041,10.808418257988173,6.311705592769618,0.7946866750680428,129.54697431450023,180.92141688411078,0.9609898838001316,0.8595783872595111,0.12139346189847178,0.06431429715055625,-0.8683365129569134,0.5067644231490745,-0.12705175275527222,-0.3308776609306858,0.10352013741330326,0.22217166871318383,0.5084223178021163,0.06856129220567479,-0.28082389321654866,-0.1881419465251512,2
333,16,13,0,0,,0.7520387746785545,0.378057593426516,10.792608125482074,6.305139965678529,1.6211873945949193,130.40371590499115,180.55488065089602,0.9600259371861244,0.6802940116695085,0.23675755815773708,0.01379999114974681,-0.8661120647931552,0.5024620010214166,-0.12999364185520346,-0.3261114717656976,0.11187622549163048,0.2193230409727689,0.5074543837379187,-0.1970757303848315,-0.1415422824747281,-0.26205644408116235,0
334,16,14,0,0,,0.7811213519242058,0.6277937967282581,10.622510993548676,6.281837411238555,4.149504952817161,132.21924386693362,179.7795943690491,0.9321261947907049,0.3280144970705948,0.5275585383357544,0.0020383399695281246,-0.8230751626651419,0.4561733526499293,-0.14043491882028655,-0.31153140006467533,0.12958367862223458,0.213297710298466,0.4794392315972806,-0.7190313166969635,0.20954813679635012,-0.2792665496184135,0
335,16,15,89,53,0.37735849056603776,0.7184928934668848,1.2034019682826287,10.014338505052994,6.3339253094495085,7.88763431758025,134.3172647333086,179.7791007794936,0.8773245782887193,0.0978307513487301,0.7410545439058775,0.0007285701114536358,-0.7238809240415212,0.29067095911038554,-0.1170956676171372,-0.2899746956907733,0.1500463797962863,0.2132938742441479,0.42441092337504777,-1.060083484020885,0.46730655997095394,-0.2811830558250321,4
336,16,16,68,46,0.32608695652173914,0.7304174313184658,2.156454700698649,8.86778084418609,6.41724263355636,11.40714841093881,135.9516551347589,180.2787388905262,0.8170362406651404,0.026470071567177178,0.7815416035876945,0.0022598244672105416,-0.5596418724921309,-0.021342558097439367,-0.07976331166319513,-0.2696786819772081,0.16598713754690014,0.2171769364199466,0.363873197725365,-1.1658151655733031,0.5161874776007386,-0.27894246488561764,4
337,16,17,80,62,0.0967741935483871,0.76779721090336,3.3692007932280994,7.450452484887279,6.443760164381307,12.77905860823332,135.36925524400624,179.38256839230348,0.7973118307895837,0.007259541947015391,0.6202871589706944,0.006005808758630687,-0.3506500074750323,-0.4070410898998911,-0.06788148623986608,-0.2617672750501518,0.1603067960787698,0.2102121239129033,0.3440671960886348,-1.1942784818767629,0.3215014399702946,-0.2734611949509462,4
338,16,18,2,1,1.0,0.6909140042294853,4.271969033559106,6.49031373624524,6.375281230872378,11.128170103336963,132.34745942157465,176.83947727743086,0.8394049770126466,0.0026909336931110195,0.31502977267448506,0.009151802307672735,-0.19507645470318544,-0.6683243015482393,-0.09856513995182448,-0.2712874687036369,0.1308342079294181,0.19044785713716955,0.38633446432372964,-1.2010475686416064,-0.04704251636273553,-0.2688578548102706,4
339,16,19,147,97,0.041237113402061855,0.4019943656926724,4.610457028920471,6.147415479475163,6.303681397720155,9.31589146071967,130.10082334021303,174.9275318616018,0.879403004555211,0.0019525604227770277,0.12207787007973284,0.010351607671109209,-0.13674500521657107,-0.7616374377217573,-0.1306471887470263,-0.2817383523221372,0.10892201271890134,0.17558869655181258,0.4264979472351112,-1.2021415807463784,-0.2799975921663789,-0.267102252929845,4
340,17,0,62,42,0.2857142857142857,0.3105365260642069,6.972571945912985,9.334586554799179,7.192997801773514,69.75742363860913,132.03718696936653,161.7927123170477,0.07799293240638944,0.9760710249172081,0.0077092079153813775,0.9999997388292811,0.2703169551788911,0.10568959788760109,0.2678326821285855,0.06681037724999321,0.12780801663941196,0.0735081710010438,-0.37822722836275213,0.24116282158752986,-0.4180773934317455,1.1809893900718333,2
341,17,1,17,14,0.35714285714285715,0.5527831648329281,6.441487240410111,8.927381629138111,7.027711508399995,64.14741043029865,134.72708720648302,167.20535633326566,0.14282261210582686,0.9806352719009034,0.02785656184689278,0.9999996574078988,0.1787954208949892,-0.005123355892496225,0.1937721334410829,0.034459063406979955,0.15404351582928916,0.11557388373661313,-0.31312937497516075,0.24792544646840162,-0.39375304990756965,1.1809892709328995,2
342,17,2,57,43,0.18604651162790697,0.6661365697765396,5.636803157764155,8.186059967858698,6.748134019618146,55.03012263165022,138.92687316888995,176.26244755900086,0.2516839937107465,0.9878826158517695,0.11702687514687637,0.9999991352315207,0.04012465690102681,-0.20685972451372311,0.06850063150797057,-0.01811768249697143,0.19500543690503053,0.18596332678515806,-0.20381767866349143,0.25866348687187757,-0.2860957694408402,1.1809885068641106,2
343,17,3,22,19,0.2631578947368421,0.7049597070941196,4.835521612311606,7.360977407618965,6.496604017629663,43.92039992519161,141.28661195041383,184.1124872975413,0.37869790796900465,0.9935324807112808,0.34796761106546725,0.9999975169048629,-0.09795974973567795,-0.43139000362117763,-0.044203510973696,-0.08218422078124323,0.2180207606842335,0.24697186819575356,-0.07627836014608186,0.267034619461543,-0.007275939635608263,1.1809861388655916,2
344,17,4,0,0,,0.6449958236047515,4.441749821372888,6.979892098133279,6.462341165478986,30.430826336142292,138.77709039740913,186.1863242392717,0.5324519077177375,0.9898872154877605,0.6609940397635145,0.9999898232636262,-0.1658182252124045,-0.5350950084605848,-0.05955581622591365,-0.1599746666470893,0.19354455529848627,0.26308920914591627,0.07811165658395033,0.26163360558433246,0.370647752462158,1.18097488123045,0
345,17,5,28,22,0.36363636363636365,0.5797609873164071,4.526195243741155,7.251314029649382,6.606665648259691,17.453955546476642,133.74233345012195,184.2731178875877,0.7066200925119406,0.9626840203244322,0.8731233057808068,0.9999393310032233,-0.15126579216676084,-0.4612327733631809,0.0051122827774572836,-0.23480850464854003,0.14443888216267603,0.24822024888311997,0.25300030343645585,0.22132794177869108,0.6267560809144401,1.1809009989908703,2
346,17,6,116,97,0.3917525773195876,0.6112632939871332,4.540426373746605,7.953937564498993,6.73472935667214,9.507094993235654,130.69361024510383,182.10489044645783,0.8301416658515113,0.8852887480893915,0.9351747139312476,0.999633826684303,-0.1488133493846642,-0.2700273522457943,0.06249434585360696,-0.2806357371840562,0.11470366221966645,0.23136932862849774,0.37703283465893794,0.1066550952942127,0.7016721107385581,1.1804539731872532,2
347,17,7,2,2,0.0,0.7063014188715011,3.8976377446414507,8.89240572243943,6.666153344652003,5.902698749791362,130.46119977304065,180.31929532223833,0.8813749710979664,0.7500383348236154,0.9067773086846622,0.9980811336861746,-0.25958475919253216,-0.014641373205587232,0.03176719375071099,-0.30142124155925215,0.11243688493648041,0.21749213084264837,0.4284780709914011,-0.09373892658205686,0.6673872988093441,1.1781820123923534,2
348,17,8,0,0,,0.7787556298454075,2.7693020375992625,9.82159311896048,6.344692331244449,4.4148060831969005,131.0048245843747,178.58152869909975,0.8958166510928072,0.6272911519065568,0.8330393411201821,0.9908870882788218,-0.4540302290503599,0.23821902590814745,-0.11227124131058572,-0.3100014856396777,0.1177390400500991,0.20398664418005324,0.442979490269319,-0.27560751437258113,0.5783618287694481,1.167655405302649,0
349,17,9,11,3,0.6666666666666666,0.859755807968702,1.8343941085847226,10.421482490500189,5.879800074429875,3.3234338741421325,130.8643787234592,177.58273695268636,0.9082383861466077,0.5637077614549362,0.6993314206700424,0.9527970193684565,-0.6151423966406068,0.4014673291885734,-0.32057753772230463,-0.3162951116158823,0.11636922446384525,0.19622428505179842,0.4554526089257856,-0.3698159609825822,0.41693331562631336,1.1119205347624426,2
350,17,10,28,10,0.4,1.0,1.2186174813397344,10.6649573097066,5.480995124437559,1.9966078356468557,130.3331208781866,178.16570909773287,0.9292918271903299,0.5274405798382836,0.454631624383417,0.780823361579109,-0.7212588430712463,0.4677242975774924,-0.49927180699832446,-0.3239465313171507,0.11118768851803408,0.2007549984541367,0.4765931393853309,-0.4235512968739154,0.12150186962077783,0.8602819888787214,2
351,17,11,0,0,,0.9996180177805989,0.6782054274552705,10.6874506619691,5.479676975297697,0.8976675587901539,129.98258248207338,179.78512104855804,0.9529790772043073,0.5089664296964933,0.1821695870662571,0.4100303963829022,-0.8143877541555691,0.4738454288496091,-0.49986243581912765,-0.3302838001383102,0.10776876997215254,0.21334066226647042,0.500378373798243,-0.45092355517810656,-0.20744754058607603,0.317723298290317,0
352,17,12,0,0,,0.8212727724587956,0.3153313921193508,10.69873399285453,5.736536303708591,0.5488413483246148,130.05643346034677,180.68852242566305,0.9660094756747493,0.4408134045359198,0.06981472975131287,0.120238068984726,-0.8769216364564866,0.476915969368889,-0.3847703588577001,-0.3322953793971117,0.10848906333245181,0.22036167135192875,0.5134626736612591,-0.551902609401949,-0.34309603096495356,-0.10631210813256933,0
353,17,13,0,0,,0.6885935163003005,0.20438354067001718,10.787322167297486,5.976734388942934,0.8763317377292736,130.89648155874602,180.49066364263393,0.9726922061054043,0.26304679754288207,0.1068027459926574,0.020841009685235112,-0.8960412184834831,0.5010235296202142,-0.27714375762499943,-0.33040683761034617,0.1166823341835066,0.21882396247911656,0.5201730477957676,-0.8152908273782646,-0.2984395854391184,-0.2517537518631432,0
354,17,14,0,0,,0.6032378799281524,0.30637431556845574,10.79000722094979,6.205508840846047,2.0880465209260564,132.1319037731885,179.9735343619142,0.9660486679608289,0.08896774953756592,0.21864283982689933,0.002037713458096946,-0.8784652045166139,0.501754215099489,-0.17463579348705088,-0.32341923102479525,0.12873182139456635,0.21480496331628077,0.5135020280696869,-1.0732153668443831,-0.16341258033224573,-0.279267466354311,0
355,17,15,0,0,,0.5981021580819635,0.6766779674320427,10.48503890840329,6.396108199039804,4.412887011964457,133.41956307951324,180.02198835930034,0.9321813780110109,0.021254459530873016,0.33925419765864245,0.00019472481353019488,-0.8146509804986262,0.41876298048279914,-0.08923310969998112,-0.3100125523650886,0.14129079448277798,0.2151815356400522,0.47949464308784445,-1.173542886674217,-0.017795835285243346,-0.2819641990316322,0
356,17,16,0,0,,0.709799004976941,1.6758411763972765,9.629127783258989,6.575851823155684,8.126865248996246,134.842132287438,180.3760597981081,0.8668561749272371,0.005465278094357262,0.4340691946238075,0.0003055006138175109,-0.6424657359660471,0.185843303009569,-0.008694601918095209,-0.28859512051762926,0.1551655890893105,0.21793329012235874,0.41389921653973155,-1.1969369561916237,0.0966763959201252,-0.2818021075714532,0
357,17,17,3,3,0.0,0.7543615790028269,3.6785226483075952,8.289533667028786,6.725435869588906,12.938068472858333,135.5487601381838,179.68639750519287,0.7986733375671041,0.0012866938082370938,0.38661161157166524,0.0009899358474075026,-0.2973447428513553,-0.1787013562794093,0.058330172657169804,-0.26085031142749965,0.16205756751660697,0.21257340763029017,0.3454343348590275,-1.2031281632321458,0.03937981211504703,-0.2808006153130101,4
358,17,18,10,7,0.14285714285714285,0.6248708294120092,5.388483279516878,7.508817235528993,6.75326866295861,15.107490735240269,134.66332822141823,177.95328472809229,0.7892079133961533,0.00027486258677333897,0.1986354059015657,0.0013607190712825457,-0.0026681707117794944,-0.3911582505537129,0.07080133349207317,-0.24833988447086247,0.15342165306355024,0.1991040894927195,0.3359297561261286,-1.2046273448097329,-0.18756799535555033,-0.2802580708763018,4
359,17,19,161,109,0.009174311926605505,0.33796676377905166,5.9876475716351445,7.330932512982055,6.720741064094762,14.605558373748252,133.5896668030423,176.63538412266763,0.805037190038177,0.00014608531505277966,0.0871682271182867,0.0014598168297034197,0.10058548117199707,-0.4395661412632331,0.05622655073074851,-0.2512343823537798,0.14294987315018065,0.18886169628974595,0.35182451196714853,-1.2048181478896143,-0.3221447719194693,-0.2801130671812596,4
360,18,0,164,136,0.125,0.24684815845027838,7.054067287326694,9.420249483375734,7.238118472185109,36.95872726213578,141.50299964726364,180.99618188278944,0.1983122350467073,0.9799262960439405,0.0019179318500470166,0.9999999886266123,0.2843610024012842,0.12900110898882675,0.2880500972549507,-0.12233016141133182,0.22013126246681589,0.22275272354473535,-0.25741021431471545,0.24687499109485106,-0.4250693283992553,1.1809897555850057,2
361,18,1,4,2,1.0,0.4552355221320541,6.71407955381276,9.051248441013822,7.069346010083935,30.349898842491022,139.93757870922582,181.35677994252546,0.35426815273052564,0.9859846795773178,0.008882726461219237,0.9999999892578793,0.22577110386628826,0.028584603992782637,0.2124274857761686,-0.16044135195573747,0.20486318702483095,0.22555520128914427,-0.10080917122184672,0.25585140612388857,-0.416660578680886,1.1809897565087,2
362,18,2,0,0,,0.5583384969405897,6.1356935425077,8.324652104160943,6.771603616235336,21.895551751357566,138.03155510151487,182.38550611562331,0.5558705501174571,0.9930829720786685,0.046094939571234894,0.999999973609985,0.12609816165104884,-0.16914455206237475,0.07901675578825475,-0.20919511169338978,0.1862730995093206,0.23355020327919457,0.10162717226351659,0.2663686041749186,-0.3717334553444987,1.1809897336120925,0
363,18,3,0,0,,0.6076971774233353,5.401489819995385,7.45527379797897,6.4383816898153166,15.247578442077703,136.2671524663238,182.98615570953305,0.7112776939303871,0.9958958034115419,0.17947361217824523,0.999999872357593,-0.0004267607672179786,-0.4057290626843027,-0.07029144274218062,-0.24753203942644578,0.16906428883766775,0.2382183013836396,0.2576771714339773,0.2705362408574508,-0.2107024503638799,1.1809895854556538,0
364,18,4,0,0,,0.5856965053837766,4.698459009062798,6.81411707728191,6.217329920193283,11.033046114728194,134.3682741502813,182.1268830851196,0.8133556974815008,0.9827556388227128,0.45802027885061664,0.9999989083020115,-0.12157967253198346,-0.5802074777993949,-0.16933907102648724,-0.27183602106799193,0.15054389174829033,0.23154024990421282,0.36017742965021676,0.25106709199136057,0.12559306668939035,1.180988174812025,0
365,18,5,79,63,0.5079365079365079,0.5556395942866379,4.360836888259279,6.733838722652889,6.241634082413505,8.350862148982308,132.42983084689791,180.73425605903608,0.884611175840206,0.9152641046610013,0.7391627351860852,0.9999901802480892,-0.17976190633377345,-0.6020536811246769,-0.15844899930498021,-0.2873033955711396,0.1316376040675046,0.22071710168838884,0.4317276625799953,0.15106813711432324,0.46502253769494245,1.180975403584003,2
366,18,6,0,0,,0.6276963296080381,4.21510788081653,7.170881058578038,6.420592601089723,6.948455308955417,131.6069110222133,179.8133120616244,0.9159924657586407,0.7318514373837041,0.8358865964178539,0.9999139396094207,-0.20487530578330523,-0.4831210525662262,-0.0782622771336985,-0.29539066776331363,0.12361139101471474,0.21355975575457373,0.46323876397205543,-0.12068557639578636,0.5817993827131089,1.1808638453157287,0
367,18,7,1,1,0.0,0.745517813420163,3.754138412953802,7.950673508331485,6.433147938821733,6.143592695972842,131.99785849236204,178.92508556786495,0.9147519668765289,0.4669165063600238,0.7631819967817097,0.9992730611709164,-0.2843139198493666,-0.2709156020739088,-0.07263655232366666,-0.30003207626383815,0.12742443281263913,0.20665668205923135,0.46199313365690403,-0.5132269009019025,0.49402152050107734,1.179926087054222,2
368,18,8,58,38,0.5789473684210527,0.7969573089886298,2.9851213125145946,8.938515554372506,6.084916052436347,5.2521955149755115,132.1443484804543,177.78347629746509,0.9103746098675087,0.28425752342539556,0.6307070935793645,0.9943861616874428,-0.41683821247818703,-0.0020934732347973207,-0.22867032892911182,-0.30517250443939087,0.1288531987984139,0.19778438092858008,0.4575976693245264,-0.7838639166289464,0.334081656200294,1.1727753856287308,2
369,18,9,39,24,0.75,0.8019673303038811,2.1741558692876635,9.817046658159233,5.4412533269760015,3.8303907807539233,131.73897193387663,177.1670093939359,0.9215438369264031,0.21230434911442175,0.46212976344283074,0.9618887164538287,-0.5565914398754532,0.2369817944335682,-0.5170790871167017,-0.3133716386432366,0.12489942537864776,0.19299335465802822,0.46881309887629274,-0.8904734687831866,0.1305545378219335,1.125223859606418,4
370,18,10,1,1,1.0,0.8457923497111554,1.448138650842504,10.318666861523443,4.866464974059838,1.9985470304832305,131.41863869769276,177.97628764472182,0.947065213176532,0.17391871530447978,0.2566798019805141,0.8094192941728685,-0.6817055865645679,0.37348804204420605,-0.7746270055031212,-0.32393534854477124,0.1217751078881963,0.19928286239559653,0.4944400465503049,-0.9473476132364698,-0.11748971933591869,0.9021246698368529,4
371,18,11,0,0,,0.8349862137222827,0.7348507592408824,10.491274326295091,4.857362218477183,0.6316616443084015,131.33077041969534,179.4260207103782,0.9695308620162639,0.13383781266097539,0.08740926143598987,0.44747394458390644,-0.8046260953818881,0.42045982900083195,-0.7787057168061577,-0.3318177788481551,0.12091809910236549,0.21054982443862574,0.5169986265279671,-1.006733555853737,-0.3218537658863763,0.37251215457881404,0
372,18,12,0,0,,0.6220454055092625,0.2279512811095863,10.613556079165896,5.29822913842063,0.16455049063262095,131.41338044992625,180.1410875316265,0.9808202030967935,0.08428016851485243,0.020380766286044127,0.1234824381041843,-0.8919798027765635,0.4537364456994727,-0.5811645576285155,-0.33451147295742234,0.12172382243414316,0.21610714455782065,0.5283346669636135,-1.0801607298294595,-0.40277874231148275,-0.10156482103043324,0
373,18,13,0,0,,0.3938067995638293,0.06511606387237912,10.801142620654652,5.767211766409714,0.17600156624290264,131.70533894903608,180.1326238521966,0.9891248104184003,0.03533869007707968,0.018570431973537083,0.01602171284881737,-0.9200411059219636,0.5047844990058403,-0.3710254708060684,-0.3344454379362642,0.12457139159718564,0.21604136696252377,0.5366736270258852,-1.1526749607578595,-0.4049643987436235,-0.258805534465707,0
374,18,14,0,0,,0.2817316411128105,0.06400699534328158,10.892932411196664,6.095142680187674,0.4329478126098749,132.02499068008473,179.99557914037973,0.9918705664045042,0.008754535284789533,0.03443121673916483,0.0010804685616285503,-0.9202322310896764,0.5297633172269219,-0.22408803933311577,-0.3329637036963718,0.12768906213948036,0.21497628980948283,0.5394307410738055,-1.1920634222669553,-0.3858153244525956,-0.2806681443238229,0
375,18,15,0,0,,0.31448737664956095,0.17488294175906027,10.823183426050779,6.271604199895414,1.1874312615972826,132.3953884008093,179.98049173926728,0.9813906334846474,0.0017802230126076068,0.0597400435390712,6.763608196266868e-05,-0.9011250404174405,0.5107824783909672,-0.14502015835491308,-0.32861281717592783,0.13130167533900144,0.2148590343093575,0.5289074569870795,-1.2023969247849635,-0.35525942121252146,-0.28215016020743644,0
376,18,16,11,6,0.16666666666666666,0.5582474817301017,0.8225484318197918,10.464897058136296,6.4437555003061915,4.105787375111362,133.3656340441121,179.9262702779099,0.9345594969557782,0.000522081527232654,0.10674434202234287,2.3000703569836523e-05,-0.7895132038518087,0.41328176505040093,-0.06788357609229786,-0.31178350661492754,0.1407648065130182,0.21443763870108756,0.48188259933138067,-1.2042610524150081,-0.29851009783702115,-0.28221547242942513,4
377,18,17,11,6,0.0,0.7263747804934494,3.3738876576429693,9.435882573353346,6.727284374033503,13.93548072931555,135.93123724472088,179.07446285902722,0.7963154574347091,0.00015971408035830859,0.14751011812334536,0.00012497829422872253,-0.34984232271630183,0.13325535241261835,0.059158440087117944,-0.2550985251586696,0.1657879950173147,0.20781760492805879,0.34306670114749616,-1.2047979548046037,-0.24929267974424063,-0.28206625485182635,4
378,18,18,20,18,0.05555555555555555,0.5930756110485025,6.186668186093585,8.610138235049062,6.9235971347847425,24.3301692415927,138.29351660214203,177.70690336912372,0.6678413828416713,2.4839516910901693e-05,0.11727185979740301,0.0001959256966213574,0.1348825938559602,-0.09145501681030045,0.14712115301903309,-0.19515538102081142,0.18882809788533872,0.19718927532080727,0.2140611822132937,-1.20499779194791,-0.2857999940840456,-0.2819624418527787,4
379,18,19,99,77,0.012987012987012988,0.27984444884345366,7.089003846026232,8.43573804097068,6.948356483650659,26.95562694319933,138.6699289218653,176.8969171771391,0.6337620424664501,8.701766702534641e-06,0.08930336441240594,0.0002109675458444038,0.2903816002864253,-0.13891466041425143,0.15821518220154487,-0.18001513037747788,0.19249937348615645,0.1908942656416725,0.17984086964076035,-1.205021702474985,-0.31956697370388293,-0.2819404320338648,4
380,19,0,2,1,0.0,0.10890355344282075,7.172558364315198,9.452222732124643,7.211348714305338,21.558409250403038,142.4735677121351,186.65293573507518,0.3672603111811696,0.9831669868597717,0.0010321257494642078,0.9999999985708192,0.30478050432362147,0.13770201094884213,0.2760552553576428,-0.21113931439901637,0.2295975383265301,0.2667155967455385,-0.08776326956184341,0.25167656656187576,-0.4261387815869856,1.1809897701357561,2
381,19,1,67,54,0.07407407407407407,0.26942923951058495,6.933677781061871,9.076235211647747,7.021238880222092,14.962095107823885,138.9614883373763,184.5167222296649,0.5783596497541504,0.9900638787217306,0.00489567140743008,0.9999999991622988,0.2636143452091794,0.035384270904659905,0.19087191476885212,-0.2491783387488277,0.19534305025300888,0.2501134807757502,0.12420930004443023,0.2618953589876538,-0.42147423793896277,1.1809897710012318,2
382,19,2,106,79,0.13924050632911392,0.317414725661756,6.438481097530216,8.356594164788469,6.717771097370433,8.716059410492441,135.60714884460594,182.58569956860907,0.7792968929652404,0.9960177957642137,0.02630853386578247,0.9999999981951045,0.1782773739510764,-0.16045213734707453,0.05489578481726581,-0.2851974092244013,0.1626270521535829,0.2351060566217767,0.32597773788503603,0.27071699104962954,-0.39562201813662673,1.1809897695859957,2
383,19,3,113,74,0.13513513513513514,0.33490881068234274,5.6966605712161344,7.502557839152331,6.367948617867837,5.269051879700754,133.75972008627178,181.42832942416652,0.8874286973990477,0.9964831990755652,0.1121023097176441,0.9999999841986463,0.05043985193607073,-0.39286162435316374,-0.10185069576740696,-0.30507529868866806,0.14460845985642462,0.22611126592817724,0.43455683906527487,0.2714065567160425,-0.2920413055948745,1.1809897491058337,2
384,19,4,87,58,0.2413793103448276,0.33796074791378444,4.844883105812746,6.766795099052917,6.050648681938917,4.311035975197932,132.9443920964891,180.44763756394997,0.9305558386318824,0.9767659086920463,0.3307228567077966,0.9999997111249982,-0.09634648872564397,-0.5930852399673233,-0.24402465873662016,-0.3105998976588197,0.13665629251569172,0.21848957457911153,0.47786237952169913,0.24219239740185838,-0.028095910854257597,1.180989349533849,2
385,19,5,64,47,0.3617021276595745,0.32861253513156174,4.232505060076156,6.413314344228819,5.951169127344116,4.873245834180565,132.58686470932108,179.5128334706833,0.9420560877557964,0.8705162221099418,0.6146567687252404,0.9999943105303345,-0.20187725948004087,-0.6892781985443506,-0.28859889563253693,-0.307357796986643,0.13316920799598436,0.21122451145403512,0.48941020044045386,0.08476735519188601,0.31470374599166323,1.180981447173653,2
386,19,6,0,0,,0.38839590783604727,3.937037200862844,6.589329483580473,6.1510082929171235,6.117726400871867,132.81792296700073,179.00399204419838,0.927378119169472,0.5912522393739496,0.7295117352710485,0.9999116426005246,-0.25279507263976475,-0.6413790787831948,-0.19905609114757225,-0.30018123966144444,0.1354227966787628,0.20726992341714662,0.4746715151424528,-0.3290046349585611,0.4533706732325836,1.1808604842429578,0
387,19,7,128,84,0.15476190476190477,0.45306596426432894,3.6276538529087174,7.24989161325609,6.248638508796698,6.501242285966576,133.16496006498056,178.6891897720636,0.9078697346548223,0.2722498864778039,0.6291232347772988,0.9990981825636538,-0.3061109342965992,-0.4616198565051395,-0.15531049549687428,-0.2979696151426108,0.13880756588963403,0.20482335905628202,0.4550824324745889,-0.8016550538466162,0.3321694286330313,1.1796701978732662,2
388,19,8,72,43,0.18604651162790697,0.4509610080210328,3.1148313069097213,8.298006452800832,5.894950892485545,5.484903303361982,132.81779697705494,178.34470455507434,0.9082105483711514,0.10949805620645303,0.4637929325827234,0.9929936152222097,-0.39448536070898066,-0.17639565131618457,-0.31378884474985286,-0.303830546334078,0.13542156785656523,0.20214610628737642,0.45542465599691584,-1.0427966004658515,0.13256251850441325,1.170737757470493,2
389,19,9,30,15,0.26666666666666666,0.42915964252468075,2.3409276991085863,9.428775567236153,5.1591408352784445,3.663728930491061,132.2057332448339,178.27111705646337,0.9297118333939567,0.05973923089952593,0.289760184271895,0.9549534071371486,-0.527851742455449,0.13132131799714336,-0.6434864588368964,-0.31433272904058607,0.12945190499350995,0.20157420269123663,0.4770148829816642,-1.116521854875976,-0.07755104622271708,1.1150758452294667,4
390,19,10,164,64,0.265625,0.44542551799728,1.5051545303883587,10.151413852354542,4.587396376057834,1.7055901992366245,131.90686026178741,178.86251164739843,0.9595782828193573,0.041806142290799486,0.1366059932076107,0.792945615883074,-0.6718800714998066,0.32797336673784194,-0.8996704865301555,-0.32562474534976876,0.12653689654955458,0.20617037323212287,0.5070048776093797,-1.1430924483713496,-0.2624574695812829,0.8780197429341648,4
391,19,11,4,1,1.0,0.4370762394106787,0.7132425227385673,10.424298886768671,4.688899917888448,0.45693100193256697,131.87063732649176,179.62920527385046,0.9786086331451507,0.025905746564756638,0.0409278850926974,0.42886530631369424,-0.8083498308564179,0.4022337570234508,-0.8541893528664457,-0.332825399621867,0.12618360211264895,0.2121289239422539,0.5261139486578018,-1.1666512987439883,-0.37797175386108456,0.3452832711824499,4
392,19,12,193,75,0.9466666666666667,0.31226466274232856,0.19314640355120982,10.590154285134476,5.216875073716162,0.06818978140400134,131.9064067790898,179.97071141511134,0.9866909344587179,0.011480787235090606,0.00700136122053896,0.11228998346047407,-0.8979777081233006,0.44736809955001217,-0.6176172273992366,-0.335067157129747,0.12653247358070907,0.2147830240812375,0.5342296831236241,-1.1880240660847654,-0.41893199231487077,-0.11794205605361716,4
393,19,13,81,29,1.0,0.16567088920097367,0.03703323638203404,10.802995528577432,5.7341995531868974,0.030725892285808243,131.95963719950268,180.00966187817554,0.9936527009395045,0.003531925863407115,0.0026563859939554013,0.013125840815922107,-0.924880604089234,0.50528873210094,-0.3858173968319338,-0.3352832004775322,0.127051647724177,0.21508573731810773,0.5412202475654969,-1.1998015110562525,-0.42417777646968974,-0.2630428870741844,4
394,19,14,300,119,1.0,0.09448650521531204,0.018985850017769756,10.912877929487072,6.073569705540358,0.08450181571957671,132.0149114012805,179.98867692457515,0.9972082537923933,0.0007196182790154548,0.003920979027812577,0.0007619859524888584,-0.9279907002241018,0.5351911047048045,-0.23375433595452616,-0.3349730903741145,0.12759075555276964,0.21492264751813614,0.5447905082763669,-1.2039683717258902,-0.4226510054863444,-0.28113416046654716,4
395,19,15,612,237,0.9957805907172996,0.09918806081123573,0.0583282143112287,10.901030335058238,6.232554425106173,0.38351988377355184,132.13990166409096,179.92743561688104,0.9927899219258223,0.00013617877643834486,0.007106295198541945,4.1712979409358475e-05,-0.9212108522917759,0.53196701076312,-0.16251736086328475,-0.3332487401800694,0.12880982750698522,0.21444669542350506,0.5403538995903261,-1.2048328259306484,-0.4188053032153007,-0.28218809189950583,4
396,19,16,74,46,0.21739130434782608,0.2697772979891539,0.4582961042954743,10.759674772808474,6.3711455320338395,2.681921885778941,132.8576013694137,179.65904809278396,0.9564340697236895,4.641594512522218e-05,0.018720831922087178,6.6442695960122755e-06,-0.8522846064851077,0.493499825326418,-0.10041824052620967,-0.3199945245938855,0.13580979344540753,0.21236085485156822,0.5038476581989173,-1.2049658231936329,-0.40478281757782936,-0.2822394057998838,4
397,19,17,20,7,0.0,0.45277285468459366,2.868337245434406,10.092070679199576,6.674113615261783,14.927175920582435,136.2052526377718,178.41282350753698,0.7805478046725456,2.1119544931669232e-05,0.060242101210569776,4.57402684667374e-05,-0.4369635463248329,0.3118242686066985,0.035333986840619606,-0.24937970754131425,0.16846055904894866,0.2026755097134202,0.32723382409895085,-1.2050033036511882,-0.3546532759434209,-0.2821821990134948,4
398,19,18,30,24,0.0,0.36027284520907327,6.345885136345406,9.289392315347554,6.98903563987909,32.657297897622016,140.92089686978318,176.46399446286586,0.5419485693238402,3.5045517322584985e-06,0.10417031695581458,0.00011896794182100767,0.16232036304807543,0.09339085872242699,0.1764424687413551,-0.14713525298202473,0.2144538188440794,0.18752969880876136,0.08764760196840678,-1.2050294029380393,-0.3016177749131729,-0.2820750494332731,4
399,19,19,196,145,0.006896551724137931,0.15155406712828529,7.540748879280642,9.071587940050371,7.062755133575448,38.73817319396876,142.47200382797936,175.60165771457213,0.46000189813392817,8.54146577022874e-07,0.11678513343909364,0.00015067274839550282,0.3682305726258332,0.034119605719464687,0.20947428305991508,-0.11206861448268579,0.22958228523984148,0.18082783372649147,0.005361951145295569,-1.2050333299156792,-0.2863876295215345,-0.2820286577269706,4
